Trial Type,Experiment,Tank,Substrate,Plate Position,Obs,Time of Day,DateTime,Nos Stars-L,Nos Stars-R,Nos Stars-Tot,Nos_F,Nos_NF,check,Star_1_size,Star_1_position,Star_1_feeding,Star_2_size,Star_2_pos,Star_2_feeding,Star_3_size,Star_3_pos,Star_3_feeding,Star_4_size,Star_4_pos,Star_4_feeding,Star_5_size,Star_5_position,Star_5_feeding,Star_6_size,Star_6_pos,Star_6_feeding,Star_7_size,Star_7_pos,Star_7_feeding,Star_8_size,Star_8_pos,Star_8_feeding,Star_9_size,Star_9_pos,Star_9_feeding,Star_10_size,Star_10_pos,Star_10_feeding,Star_11_size,Star_11_pos,Star_11_feeding,,,,,,,,,
Preference_substrate,2,1,Slate,1,0,D,23/02/2022 11:00,0,3,3,1,2,0,m,rb,nf,m,rb,nf,m,rb,f,,,,,,,,,,,,,,,,,,,,,,,,,,,,,,,,,
Preference_substrate,2,1,Poly,2,0,D,23/02/2022 11:00,2,1,3,0,3,0,m,lb,nf,l,lb,nf,m,rt,nf,,,,,,,,,,,,,,,,,,,,,,,,,,,,,,,,,
Preference_substrate,2,1,Slate,3,0,D,23/02/2022 11:00,0,0,0,0,0,0,,,,,,,,,,,,,,,,,,,,,,,,,,,,,,,,,,,,,,,,,,
Preference_substrate,2,1,Poly,4,0,D,23/02/2022 11:00,5,0,5,1,4,0,m,lb,nf,m,lt,nf,l,lt,f,l,lt,nf,m,lt,nf,,,,,,,,,,,,,,,,,,,,,,,,,,,
Preference_substrate,2,1,Slate,5,0,D,23/02/2022 11:00,3,2,5,0,5,0,m,lt,nf,l,lt,nf,m,lb,nf,m,rb,nf,m,rb,nf,,,,,,,,,,,,,,,,,,,,,,,,,,,
Preference_substrate,2,1,Poly,6,0,D,23/02/2022 11:00,2,0,2,0,2,0,,,,,,,,,,,,,,,,,,,,,,,,,,,,,,,,,,,,,,,,,,
Preference_substrate,2,1,Other,,0,D,23/02/2022 11:00,,,0,0,0,0,,possible arm visible under hide,,,,,,,,,,,,,,,,,,,,,,,,,,,,,,,,,,,,,,,,
Preference_substrate,2,2,Poly,1,0,D,23/02/2022 11:00,0,2,2,0,2,0,m,rb,nf,m,rb,nf,,,,,,,,,,,,,,,,,,,,,,,,,,,,,,,,,,,,
Preference_substrate,2,2,Slate,2,0,D,23/02/2022 11:00,3,2,5,4,1,0,m,lb,f,m,lb,nf,l,lb,f,l,rt,f,m,rt,f,,,,,,,,,,,,,,,,,,,,,,,,,,,
Preference_substrate,2,2,Poly,3,0,D,23/02/2022 11:00,0,3,3,2,1,0,l,rn,f,m,rn,f,m,rb,nf,,,,,,,,,,,,,,,,,,,,,,,,,,,,,,,,,
Preference_substrate,2,2,Slate,4,0,D,23/02/2022 11:00,2,0,2,1,1,0,l,lb,nf,m,lb,f,,,,,,,,,,,,,,,,,,,,,,,,,,,,,,,,,,,,
Preference_substrate,2,2,Poly,5,0,D,23/02/2022 11:00,0,4,4,1,3,0,l,rt,f,l,rb,nf,m,rb,nf,m,rb,nf,,,,,,,,,,,,,,,,,,,,,,,,,,,,,,
Preference_substrate,2,2,Slate,6,0,D,23/02/2022 11:00,2,0,2,2,0,0,l,lb,f,l,lb,f,,,,,,,,,,,,,,,,,,,,,,,,,,,,,,,,,,,,
Preference_substrate,2,2,Other,,0,D,23/02/2022 11:00,,,3,1,2,0,l,glass,nf,l,floor,f,m,hide,nf,,,,,,,,,,,,,,,,,,,,,,,,,,,,,,,,,
Preference_substrate,2,3,Slate,1,0,D,23/02/2022 11:00,0,4,4,2,2,0,m,rb,nf,m,rb,nf,m,rb,f,m,rb,f,,,,,,,,,,,,,,,,,,,,,,,,,,,,,,
Preference_substrate,2,3,Poly,2,0,D,23/02/2022 11:00,1,1,2,1,1,0,l,lb,f,l,rt,nf,,,,,,,,,,,,,,,,,,,,,,,,,,,,,,,,,,,,
Preference_substrate,2,3,Slate,3,0,D,23/02/2022 11:00,1,1,2,0,2,0,l,lt,nf,l,rt,nf,,,,,,,,,,,,,,,,,,,,,,,,,,,,,,,,,,,,
Preference_substrate,2,3,Poly,4,0,D,23/02/2022 11:00,2,1,3,3,0,0,m,lt,f,m,lb,f,m,rt,f,,,,,,,,,,,,,,,,,,,,,,,,,,,,,,,,,
Preference_substrate,2,3,Slate,5,0,D,23/02/2022 11:00,2,4,6,4,2,0,m,lb,f,m,lt,f,l,rt,f,m,rb,nf,m,rb,nf,m,rb,f,,,,,,,,,,,,,,,,,,,,,,,,
Preference_substrate,2,3,Poly,6,0,D,23/02/2022 11:00,1,0,1,0,1,0,l,lb,nf,,,,,,,,,,,,,,,,,,,,,,,,,,,,,,,,,,,,,,,
Preference_substrate,2,3,Other,,0,D,23/02/2022 11:00,,,3,2,1,0,m,floor,f,m,uhplate2,nf,m,uhplate4,f,,,,,,,,,,,,,,,,,,,,,,,,,,,,,,,,,
Preference_substrate,2,4,Poly,1,0,D,23/02/2022 11:00,0,1,1,1,0,0,m,rt,f,,,,,,,,,,,,,,,,,,,,,,,,,,,,,,,,,,,,,,,
Preference_substrate,2,4,Slate,2,0,D,23/02/2022 11:00,1,2,3,2,1,0,l,lt,f,m,rt,nf,m,rt,f,,,,,,,,,,,,,,,,,,,,,,,,,,,,,,,,,
Preference_substrate,2,4,Poly,3,0,D,23/02/2022 11:00,0,4,4,2,2,0,l,rt,f,l,rb,nf,m,rb,nf,m,rb,f,,,,,,,,,,,,,,,,,,,,,,,,,,,,,,
Preference_substrate,2,4,Slate,4,0,D,23/02/2022 11:00,4,0,4,1,3,0,m,lt,f,m,lb,nf,m,lb,nf,m,lb,nf,,,,,,,,,,,,,,,,,,,,,,,,,,,,,,
Preference_substrate,2,4,Poly,5,0,D,23/02/2022 11:00,1,2,3,1,2,0,l,lb,f,m,rt,nf,m,rt,nf,,,,,,,,,,,,,,,,,,,,,,,,,,,,,,,,,
Preference_substrate,2,4,Slate,6,0,D,23/02/2022 11:00,3,1,4,1,3,0,m,lb,nf,l,lb,nf,m,lb,f,m,rt,nf,,,,,,,,,,,,,,,,,,,,,,,,,,,,,,
Preference_substrate,2,1,Slate,1,1,D,24/02/2022 9:00,3,3,6,3,3,0,m,lt,nf,l,lb,f,m,lb,f,m,rt,f,l,rt,nf,m,rb,nf,,,,,,,,,,,,,,,,,,,,,,,,
Preference_substrate,2,1,Poly,2,1,D,24/02/2022 9:00,0,2,2,1,1,0,m,rt,nf,m,rb,f,,,,,,,,,,,,,,,,,,,,,,,,,,,,,,,,,,,,
Preference_substrate,2,1,Slate,3,1,D,24/02/2022 9:00,1,1,2,0,2,0,m,lb,nf,m,rt,nf,,,,,,,,,,,,,,,,,,,,,,,,,,,,,,,,,,,,
Preference_substrate,2,1,Poly,4,1,D,24/02/2022 9:00,3,2,5,4,1,0,m,lb,nf,m,lb,f,m,lt,f,m,rt,f,mrt,f,,,,,,,,,,,,,,,,,,,,,,,,,,,,
Preference_substrate,2,1,Slate,5,1,D,24/02/2022 9:00,5,1,6,5,1,0,m,lt,f,m,lt,f,l,lt,f,m,lt,nf,m,lt,f,l,rt,f,Note-Large star moved to the RHS-but counted already,,,,,,,,,,,,,,,,,,,,,,,
Preference_substrate,2,1,Poly,6,1,D,24/02/2022 9:00,2,1,3,3,0,0,l,lt,f,m,lt,f,m,rt,f,,,,,,,,,,,,,,,,,,,,,,,,,,,,,,,,,
Preference_substrate,2,2,Poly,1,1,D,24/02/2022 9:00,0,2,2,2,0,0,m,rt,f,l,rt,f,,,,,,,,,,,,,,,,,,,,,,,,,,,,,,,,,,,,
Preference_substrate,2,2,Slate,2,1,D,24/02/2022 9:00,3,2,5,4,1,0,m,lb,f,l,lt,f,m,lt,f,l,rt,f,m,rt,nf,,,,,,,,,,,,,,,,,,,,,,,,,,,
Preference_substrate,2,2,Poly,3,1,D,24/02/2022 9:00,2,3,5,4,1,0,l,lt,f,m,lt,f,l,rt,f,m,rt,nf,m,rt,f,,,,,,,,,,,,,,,,,,,,,,,,,,,
Preference_substrate,2,2,Slate,4,1,D,24/02/2022 9:00,1,1,2,2,0,0,m,lt,f,m,rt,f,,,,,,,,,,,,,,,,,,,,,,,,,,,,,,,,,,,,
Preference_substrate,2,2,Poly,5,1,D,24/02/2022 9:00,3,3,6,4,2,0,m,lt,f,m,lt,f,m,lt,f,m,rt,nf,l,rt,f,m,rb,nf,,,,,,,,,,,,,,,,,,,,,,,,
Preference_substrate,2,2,Slate,6,1,D,24/02/2022 9:00,2,1,3,3,0,0,l,lt,f,l,lt,f,l,rt,f,,,,,,,,,,,,,,,,,,,,,,,,,,,,,,,,,
Preference_substrate,2,3,Slate,1,1,D,24/02/2022 9:00,1,1,2,0,2,0,l,lb,nf,m,rt,nf,,,,,,,,,,,,,,,,,,,,,,,,,,,,,,,,,,,,
Preference_substrate,2,3,Poly,2,1,D,24/02/2022 9:00,2,2,4,4,0,0,m,lt,f,m,lb,f,l,rt,f,m,rt,f,,,,,,,,,,,,,,,,,,,,,,,,,,,,,,
Preference_substrate,2,3,Slate,3,1,D,24/02/2022 9:00,1,1,2,2,0,0,l,lt,f,m,rt,f,,,,,,,,,,,,,,,,,,,,,,,,,,,,,,,,,,,,
Preference_substrate,2,3,Poly,4,1,D,24/02/2022 9:00,3,2,5,4,1,0,m,lt,nf,m,lt,f,m,lb,f,m,rt,f,m,rt,f,,,,,,,,,,,,,,,,,,,,,,,,,,,
Preference_substrate,2,3,Slate,5,1,D,24/02/2022 9:00,2,1,3,2,1,0,m,lt,nf,l,lb,f,m,rt,f,,,,,,,,,,,,,,,,,,,,,,,,,,,,,,,,,
Preference_substrate,2,3,Poly,6,1,D,24/02/2022 9:00,1,0,1,1,0,0,m,lt,f,,,,,,,,,,,,,,,,,,,,,,,,,,,,,,,,,,,,,,,
Preference_substrate,2,4,Poly,1,1,D,24/02/2022 9:00,0,1,1,1,0,0,m,rb,f,,,,,,,,,,,,,,,,,,,,,,,,,,,,,,,,,,,,,,,
Preference_substrate,2,4,Slate,2,1,D,24/02/2022 9:00,1,4,5,5,0,0,m,lt,f,m,rt,f,l,rt,f,m,rb,f,l,rt,f,,,,,,,,,,,,,,,,,,,,,,,,,,,
Preference_substrate,2,4,Poly,3,1,D,24/02/2022 9:00,5,3,8,7,1,0,l,lt,f,m,lt,f,m,lb,f,m,lt,nf,l,lt,f,m,rt,f,m,rt,f,m,rb,f,,,,,,,,,,,,,,,,,,
Preference_substrate,2,4,Slate,4,1,D,24/02/2022 9:00,3,2,5,4,1,0,m,lb,f,m,lb,f,m,rt,nf,m,rt,f,m,lb,f,,,,,,,,,,,,,,,,,,,,,,,,,,,
Preference_substrate,2,4,Poly,5,1,D,24/02/2022 9:00,2,0,2,2,0,0,m,lt,f,l,lt,f,Note-Poly plate look grazed,,,,,,,,,,,,,,,,,,,,,,,,,,,,,,,,,,,
Preference_substrate,2,4,Slate,6,1,D,24/02/2022 9:00,3,0,3,3,0,0,m,lt,f,m,lt,f,m,lb,f,,,,,,,,,,,,,,,,,,,,,,,,,,,,,,,,,
Preference_substrate,2,1,Slate,1,2,N,24/02/2022 21:00,2,4,6,3,3,0,m,rt,f,m,rt,f,m,rt,nf,m,rt,nf,l,lt,f,m,lt,nf,,,,,,,,,,,,,,,,,,,,,,,,
Preference_substrate,2,1,Poly,2,2,N,24/02/2022 21:00,0,1,1,0,1,0,m,rt,nf,,,,,,,,,,,,,,,,,,,,,,,,,,,,,,,,,,,,,,,
Preference_substrate,2,1,Slate,3,2,N,24/02/2022 21:00,1,2,3,1,2,0,m,lt,nf,m,rt,f,m,rt,nf,,,,,,,,,,,,,,,,,,,,,,,,,,,,,,,,,
Preference_substrate,2,1,Poly,4,2,N,24/02/2022 21:00,2,2,4,3,1,0,m,lt,f,m,lt,nf,l,rb,f,l,rt,f,,,,,,,,,,,,,,,,,,,,,,,,,,,,,,
Preference_substrate,2,1,Slate,5,2,N,24/02/2022 21:00,4,2,6,2,4,0,m,lt,nf,m,lt,nf,m,lb,f,l,lt,nf,m,rt,nf,l,rt,f,,,,,,,,,,,,,,,,,,,,,,,,
Preference_substrate,2,1,Poly,6,2,N,24/02/2022 21:00,2,1,3,2,1,0,m,lt,nf,l,lt,f,m,rt,f,,,,,,,,,,,,,,,,,,,,,,,,,,,,,,,,,
Preference_substrate,2,2,Poly,1,2,N,24/02/2022 21:00,0,2,2,1,1,0,l,rt,nf,m,rt,f,,,,,,,,,,,,,,,,,,,,,,,,,,,,,,,,,,,,
Preference_substrate,2,2,Slate,2,2,N,24/02/2022 21:00,1,4,5,5,0,0,l,lb,f,m,rt,f,l,rt,f,m,rt,f,m,rb,f,,,,,,,,,,,,,,,,,,,,,,,,,,,
Preference_substrate,2,2,Poly,3,2,N,24/02/2022 21:00,0,4,4,4,0,0,m,rt,f,l,rt,f,l,rt,f,m,rb,f,,,,,,,,,,,,,,,,,,,,,,,,,,,,,,
Preference_substrate,2,2,Slate,4,2,N,24/02/2022 21:00,1,1,2,1,1,0,m,lt,nf,m,rt,f,,,,,,,,,,,,,,,,,,,,,,,,,,,,,,,,,,,,
Preference_substrate,2,2,Poly,5,2,N,24/02/2022 21:00,1,3,4,4,0,0,m,lt,f,l,rt,f,l,rt,f,m,rt,f,,,,,,,,,,,,,,,,,,,,,,,,,,,,,,
Preference_substrate,2,2,Slate,6,2,N,24/02/2022 21:00,3,1,4,2,2,0,l,lt,f,l,lt,f,m,lb,nf,m,rb,nf,,,,,,,,,,,,,,,,,,,,,,,,,,,,,,
Preference_substrate,2,3,Slate,1,2,N,24/02/2022 21:00,0,2,2,1,1,0,m,lt,f,m,lt,nf,,,,,,,,,,,,,,,,,,,,,,,,,,,,,,,,,,,,
Preference_substrate,2,3,Poly,2,2,N,24/02/2022 21:00,0,4,4,2,2,0,m,rt,nf,l,rt,f,l,rt,f,m,rt,nf,,,,,,,,,,,,,,,,,,,,,,,,,,,,,,
Preference_substrate,2,3,Slate,3,2,N,24/02/2022 21:00,1,1,2,2,0,0,m,lt,f,m,rt,f,,,,,,,,,,,,,,,,,,,,,,,,,,,,,,,,,,,,
Preference_substrate,2,3,Poly,4,2,N,24/02/2022 21:00,2,3,5,4,1,0,m,lt,f,m,lt,f,m,rt,f,m,rt,f,m,rt,nf,,,,,,,,,,,,,,,,,,,,,,,,,,,
Preference_substrate,2,3,Slate,5,2,N,24/02/2022 21:00,5,1,6,4,2,0,m,lt,f,l,lt,f,m,lt,nf,m,lb,f,m,lb,nf,m,rt,f,,,,,,,,,,,,,,,,,,,,,,,,
Preference_substrate,2,3,Poly,6,2,N,24/02/2022 21:00,0,0,0,0,0,0,,,,,,,,,,,,,,,,,,,,,,,,,,,,,,,,,,,,,,,,,,
Preference_substrate,2,4,Poly,1,2,N,24/02/2022 21:00,0,1,1,1,0,0,m,rt,f,,,,,,,,,,,,,,,,,,,,,,,,,,,,,,,,,,,,,,,
Preference_substrate,2,4,Slate,2,2,N,24/02/2022 21:00,2,1,3,3,0,0,m,lb,f,l,lt,f,m,rt,f,,,,,,,,,,,,,,,,,,,,,,,,,,,,,,,,,
Preference_substrate,2,4,Poly,3,2,N,24/02/2022 21:00,2,5,7,7,0,0,m,lt,f,m,lt,f,m,rt,f,m,rt,f,m,rt,f,l,rt,f,m,rb,f,,,,,,,,,,,,,,,,,,,,,
Preference_substrate,2,4,Slate,4,2,N,24/02/2022 21:00,3,1,4,4,0,0,m,lb,f,m,lt,f,l,lt,f,l,rt,f,,,,,,,,,,,,,,,,,,,,,,,,,,,,,,
Preference_substrate,2,4,Poly,5,2,N,24/02/2022 21:00,1,2,3,3,0,0,m,lt,f,l,rt,f,m,rt,f,,,,,,,,,,,,,,,,,,,,,,,,,,,,,,,,,
Preference_substrate,2,4,Slate,6,2,N,24/02/2022 21:00,2,1,3,3,0,0,m,lt,f,m,lb,f,m,rt,f,,,,,,,,,,,,,,,,,,,,,,,,,,,,,,,,,
Preference_substrate,2,1,Slate,1,3,D,25/02/2022 9:00,4,0,4,3,1,0,l,lt,f,m,lt,f,m,lt,f,m,lb,nf,,,,,,,,,,,,,,,,,,,,,,,,,,,,,,
Preference_substrate,2,1,Poly,2,3,D,25/02/2022 9:00,0,3,3,2,1,0,m,rt,f,m,rt,f,m,rb,nf,,,,,,,,,,,,,,,,,,,,,,,,,,,,,,,,,
Preference_substrate,2,1,Slate,3,3,D,25/02/2022 9:00,0,3,3,1,2,0,m,rt,nf,m,rt,nf,m,rt,f,,,,,,,,,,,,,,,,,,,,,,,,,,,,,,,,,
Preference_substrate,2,1,Poly,4,3,D,25/02/2022 9:00,1,2,3,3,0,0,m,lt,f,m,rt,f,m,lt,f,,,,,,,,,,,,,,,,,,,,,,,,,,,,,,,,,
Preference_substrate,2,1,Slate,5,3,D,25/02/2022 9:00,5,1,6,6,0,0,l,lt,f,m,lt,f,m,lt,f,m,lt,f,m,lb,f,m,rt,f,,,,,,,,,,,,,,,,,,,,,,,,
Preference_substrate,2,1,Poly,6,3,D,25/02/2022 9:00,2,1,3,1,2,0,m,lt,f,m,lt,nf,m,rt,nf,,,,,,,,,,,,,,,,,,,,,,,,,,,,,,,,,
Preference_substrate,2,1,Other,,3,D,25/02/2022 9:00,,,1,0,1,0,m,floor-fellof,nf,,,,,,,,,,,,,,,,,,,,,,,,,,,,,,,,,,,,,,,
Preference_substrate,2,2,Poly,1,3,D,25/02/2022 9:00,0,3,3,3,0,0,m,rt,f,m,rt,f,m,rt,f,,,,,,,,,,,,,,,,,,,,,,,,,,,,,,,,,
Preference_substrate,2,2,Slate,2,3,D,25/02/2022 9:00,2,2,4,2,2,0,m,lt,f,m,lb,nf,l,rt,nf,m,rt,f,,,,,,,,,,,,,,,,,,,,,,,,,,,,,,
Preference_substrate,2,2,Poly,3,3,D,25/02/2022 9:00,3,1,4,2,2,0,m,lt,nf,l,lt,f,l,lb,f,m,rb,nf,,,,,,,,,,,,,,,,,,,,,,,,,,,,,,
Preference_substrate,2,2,Slate,4,3,D,25/02/2022 9:00,2,0,2,1,1,0,m,lt,f,m,lt,nf,,,,,,,,,,,,,,,,,,,,,,,,,,,,,,,,,,,,
Preference_substrate,2,2,Poly,5,3,D,25/02/2022 9:00,1,4,5,4,1,0,m,lt,f,m,rt,nf,m,rt,f,m,rb,f,m,rb,f,,,,,,,,,,,,,,,,,,,,,,,,,,,
Preference_substrate,2,2,Slate,6,3,D,25/02/2022 9:00,4,1,5,3,2,0,m,lt,f,m,lt,f,m,lt,nf,m,lt,nf,m,rt,f,,,,,,,,,,,,,,,,,,,,,,,,,,,
Preference_substrate,2,3,Slate,1,3,D,25/02/2022 9:00,1,2,3,2,1,0,m,lt,f,m,rt,nf,m,rb,f,,,,,,,,,,,,,,,,,,,,,,,,,,,,,,,,,
Preference_substrate,2,3,Poly,2,3,D,25/02/2022 9:00,3,2,5,3,2,0,m,lt,nf,m,lt,f,m,lt,f,l,rt,f,m,rt,nf,,,,,,,,,,,,,,,,,,,,,,,,,,,
Preference_substrate,2,3,Slate,3,3,D,25/02/2022 9:00,1,1,2,0,2,0,m,lt,nf,m,rt,nf,,,,,,,,,,,,,,,,,,,,,,,,,,,,,,,,,,,,
Preference_substrate,2,3,Poly,4,3,D,25/02/2022 9:00,4,2,6,4,2,0,l,lt,f,m,lt,nf,m,lt,f,m,lb,f,m,rt,nf,m,rt,f,,,,,,,,,,,,,,,,,,,,,,,,
Preference_substrate,2,3,Slate,5,3,D,25/02/2022 9:00,4,2,6,5,1,0,m,lt,f,m,lt,f,m,lb,f,m,lb,f,l,rt,f,m,rt,nf,,,,,,,,,,,,,,,,,,,,,,,,
Preference_substrate,2,3,Poly,6,3,D,25/02/2022 9:00,0,0,0,0,0,0,,,,,,,,,,,,,,,,,,,,,,,,,,,,,,,,,,,,,,,,,,
Preference_substrate,2,4,Poly,1,3,D,25/02/2022 9:00,0,1,1,1,0,0,m,rb,f,,,,,,,,,,,,,,,,,,,,,,,,,,,,,,,,,,,,,,,
Preference_substrate,2,4,Slate,2,3,D,25/02/2022 9:00,0,3,3,2,1,0,m,rt,f,m,rb,nf,m,rb,f,,,,,,,,,,,,,,,,,,,,,,,,,,,,,,,,,
Preference_substrate,2,4,Poly,3,3,D,25/02/2022 9:00,6,4,10,6,4,0,l,lt,nf,m,lt,f,m,lt,f,m,lt,nf,m,lt,nf,m,lf,f,m,rt,f,m,rt,f,m,rt,f,m,rt,nf,,,,,,,,,,,,
Preference_substrate,2,4,Slate,4,3,D,25/02/2022 9:00,3,2,5,4,1,0,m,lt,nf,m,lt,f,m,lt,f,m,rt,f,m,rb,f,,,,,,,,,,,,,,,,,,,,,,,,,,,
Preference_substrate,2,4,Poly,5,3,D,25/02/2022 9:00,2,1,3,1,2,0,m,lt,nf,m,lb,f,m,rt,nf,,,,,,,,,,,,,,,,,,,,,,,,,,,,,,,,,
Preference_substrate,2,4,Slate,6,3,D,25/02/2022 9:00,2,0,2,2,0,0,m,lt,f,m,lt,f,,,,,,,,,,,,,,,,,,,,,,,,,,,,,,,,,,,,
Preference_substrate,2,1,Slate,1,4,N,25/02/2022 21:00,1,1,2,1,1,0,m,lt,nf,l,rt,f,,,,,,,,,,,,,,,,,,,,,,,,,,,,,,,,,,,,
Preference_substrate,2,1,Poly,2,4,N,25/02/2022 21:00,1,3,4,1,3,0,m,lb,f,m,rt,nf,m,rt,nf,m,rb,nf,,,,,,,,,,,,,,,,,,,,,,,,,,,,,,
Preference_substrate,2,1,Slate,3,4,N,25/02/2022 21:00,1,3,4,0,4,0,m,lb,nf,m,rt,nf,l,rt,nf,m,rt,nf,,,,,,,,,,,,,,,,,,,,,,,,,,,,,,
Preference_substrate,2,1,Poly,4,4,N,25/02/2022 21:00,1,0,1,0,1,0,m,lt,nf,,,,,,,,,,,,,,,,,,,,,,,,,,,,,,,,,,,,,,,
Preference_substrate,2,1,Slate,5,4,N,25/02/2022 21:00,7,0,7,4,3,0,m,lt,nf,m,lt,f,m,lt,nf,m,lt,nf,l,lt,f,m,lb,f,m,lb,f,,,,,,,,,,,,,,,,,,,,,
Preference_substrate,2,1,Poly,6,4,N,25/02/2022 21:00,3,0,3,1,2,0,m,lt,f,m,lt,nf,m,lt,nf,,,,,,,,,,,,,,,,,,,,,,,,,,,,,,,,,
Preference_substrate,2,1,Other,,4,N,25/02/2022 21:00,2,0,2,0,2,0,m,glass,nf,m,glass,nf,,,,,,,,,,,,,,,,,,,,,,,,,,,,,,,,,,,,
Preference_substrate,2,2,Poly,1,4,N,25/02/2022 21:00,1,2,3,1,2,0,m,lt,nf,m,rt,nf,m,rb,f,,,,,,,,,,,,,,,,,,,,,,,,,,,,,,,,,
Preference_substrate,2,2,Slate,2,4,N,25/02/2022 21:00,3,0,3,2,1,0,m,lt,f,m,lt,nf,l,lt,f,,,,,,,,,,,,,,,,,,,,,,,,,,,,,,,,,
Preference_substrate,2,2,Poly,3,4,N,25/02/2022 21:00,3,2,5,2,3,0,l,lt,f,m,lt,nf,m,lt,nf,m,rt,f,m,rb,nf,,,,,,,,,,,,,,,,,,,,,,,,,,,
Preference_substrate,2,2,Slate,4,4,N,25/02/2022 21:00,2,0,2,1,1,0,m,lt,f,m,lt,nf,,,,,,,,,,,,,,,,,,,,,,,,,,,,,,,,,,,,
Preference_substrate,2,2,Poly,5,4,N,25/02/2022 21:00,3,2,5,5,0,0,m,lb,f,m,lb,f,l,lt,f,m,rt,f,m,rt,f,,,,,,,,,,,,,,,,,,,,,,,,,,,
Preference_substrate,2,2,Slate,6,4,N,25/02/2022 21:00,4,1,5,5,0,0,l,lt,f,m,lt,f,m,lt,f,m,lb,f,m,rt,f,,,,,,,,,,,,,,,,,,,,,,,,,,,
Preference_substrate,2,3,Slate,1,4,N,25/02/2022 21:00,0,2,2,1,1,0,m,rt,f,m,rt,nf,,,,,,,,,,,,,,,,,,,,,,,,,,,,,,,,,,,,
Preference_substrate,2,3,Poly,2,4,N,25/02/2022 21:00,4,3,7,5,2,0,l,lt,f,l,lt,f,m,lt,f,m,lt,f,m,rt,nf,m,rt,nf,l,rt,f,,,,,,,,,,,,,,,,,,,,,
Preference_substrate,2,3,Slate,3,4,N,25/02/2022 21:00,1,2,3,1,1,1,m,lt,nf,m,rb,f,,,,,,,,,,,,,,,,,,,,,,,,,,,,,,,,,,,,
Preference_substrate,2,3,Poly,4,4,N,25/02/2022 21:00,4,2,6,0,6,0,m,lt,nf,m,lt,nf,m,lt,nf,m,lb,nf,m,rt,nf,m,rt,nf,,,,,,,,,,,,,,,,,,,,,,,,
Preference_substrate,2,3,Slate,5,4,N,25/02/2022 21:00,3,2,5,4,1,0,m,lt,f,m,lt,f,m,lt,nf,m,rt,f,m,rt,f,,,,,,,,,,,,,,,,,,,,,,,,,,,
Preference_substrate,2,3,Poly,6,4,N,25/02/2022 21:00,0,0,0,0,0,0,,,,,,,,,,,,,,,,,,,,,,,,,,,,,,,,,,,,,,,,,,
Preference_substrate,2,4,Poly,1,4,N,25/02/2022 21:00,0,1,1,0,1,0,m,rt,nf,,,,,,,,,,,,,,,,,,,,,,,,,,,,,,,,,,,,,,,
Preference_substrate,2,4,Slate,2,4,N,25/02/2022 21:00,2,1,3,1,2,0,m,lt,f,m,lt,nf,m,rb,nf,,,,,,,,,,,,,,,,,,,,,,,,,,,,,,,,,
Preference_substrate,2,4,Poly,3,4,N,25/02/2022 21:00,2,4,6,3,3,0,m,lb,f,m,lt,nf,m,rt,nf,m,rt,nf,l,rt,f,l,rt,f,,,,,,,,,,,,,,,,,,,,,,,,
Preference_substrate,2,4,Slate,4,4,N,25/02/2022 21:00,2,1,3,3,2,-2,m,lt,f,m,lt,nf,m,lt,f,m,lt,f,m,rt,nf,,,,,,,,,,,,,,,,,,,,,,,,,,,
Preference_substrate,2,4,Poly,5,4,N,25/02/2022 21:00,1,1,2,1,1,0,m,lt,nf,m,rt,f,,,,,,,,,,,,,,,,,,,,,,,,,,,,,,,,,,,,
Preference_substrate,2,4,Slate,6,4,N,25/02/2022 21:00,1,1,2,1,1,0,m,lt,nf,m,rt,f,,,,,,,,,,,,,,,,,,,,,,,,,,,,,,,,,,,,
Preference_substrate,2,1,Slate,1,5,D,26/02/2022 9:00,0,2,2,2,0,0,m,rt,f,l,rb,f,,,,,,,,,,,,,,,,,,,,,,,,,,,,,,,,,,,,
Preference_substrate,2,1,Poly,2,5,D,26/02/2022 9:00,1,2,3,2,1,0,m,lt,f,m,rb,nf,m,rt,f,,,,,,,,,,,,,,,,,,,,,,,,,,,,,,,,,
Preference_substrate,2,1,Slate,3,5,D,26/02/2022 9:00,2,1,3,0,3,0,m,lb,nf,m,lb,nf,l,rt,nf,,,,,,,,,,,,,,,,,,,,,,,,,,,,,,,,,
Preference_substrate,2,1,Poly,4,5,D,26/02/2022 9:00,2,2,4,1,3,0,l,lb,nf,m,lb,f,l,rt,nf,m,rt,nf,,,,,,,,,,,,,,,,,,,,,,,,,,,,,,
Preference_substrate,2,1,Slate,5,5,D,26/02/2022 9:00,2,0,2,2,0,0,m,lt,f,l,lt,f,,,,,,,,,,,,,,,,,,,,,,,,,,,,,,,,,,,,
Preference_substrate,2,1,Poly,6,5,D,26/02/2022 9:00,4,2,6,1,5,0,m,rt,nf,m,rt,nf,m,rt,nf,l,rb,f,l,lt,nf,l,lt,nf,,,,,,,,,,,,,,,,,,,,,,,,
Preference_substrate,2,1,Other,,5,D,26/02/2022 9:00,3,,3,1,2,0,m,glass,nf,m,glass,f,l,glass,nf,,,,,,,,,,,,,,,,,,,,,,,,,,,,,,,,,
Preference_substrate,2,2,Poly,1,5,D,26/02/2022 9:00,0,1,1,0,1,0,m,rt,nf,,,,,,,,,,,,,,,,,,,,,,,,,,,,,,,,,,,,,,,
Preference_substrate,2,2,Slate,2,5,D,26/02/2022 9:00,1,3,4,2,2,0,l,lt,nf,m,rt,f,m,rt,nf,l,rt,f,,,,,,,,,,,,,,,,,,,,,,,,,,,,,,
Preference_substrate,2,2,Poly,3,5,D,26/02/2022 9:00,2,1,3,1,2,0,m,lt,nf,m,lb,nf,l,rb,f,,,,,,,,,,,,,,,,,,,,,,,,,,,,,,,,,
Preference_substrate,2,2,Slate,4,5,D,26/02/2022 9:00,3,0,3,2,1,0,m,lt,nf,l,lt,f,m,lb,f,,,,,,,,,,,,,,,,,,,,,,,,,,,,,,,,,
Preference_substrate,2,2,Poly,5,5,D,26/02/2022 9:00,4,4,8,4,4,0,m,lb,nf,m,lt,f,m,lt,f,m,lt,nf,m,rt,nf,l,rt,f,m,rt,f,m,rt,nf,,,,,,,,,,,,,,,,,,
Preference_substrate,2,2,Slate,6,5,D,26/02/2022 9:00,0,2,2,1,1,0,l,rt,nf,m,rb,f,,,,,,,,,,,,,,,,,,,,,,,,,,,,,,,,,,,,
Preference_substrate,2,3,Slate,1,5,D,26/02/2022 9:00,0,1,1,1,0,0,m,rt,f,,,,,,,,,,,,,,,,,,,,,,,,,,,,,,,,,,,,,,,
Preference_substrate,2,3,Poly,2,5,D,26/02/2022 9:00,1,3,4,2,2,0,l,lb,nf,m,rt,f,m,rt,f,m,rt,nf,,,,,,,,,,,,,,,,,,,,,,,,,,,,,,
Preference_substrate,2,3,Slate,3,5,D,26/02/2022 9:00,1,1,2,1,1,0,m,lt,f,m,rt,nf,,,,,,,,,,,,,,,,,,,,,,,,,,,,,,,,,,,,
Preference_substrate,2,3,Poly,4,5,D,26/02/2022 9:00,2,5,7,6,1,0,l,lt,f,m,lt,f,l,rt,f,m,rt,f,m,rt,f,m,rb,f,m,rb,nf,,,,,,,,,,,,,,,,,,,,,
Preference_substrate,2,3,Slate,5,5,D,26/02/2022 9:00,3,2,5,4,1,0,l,lb,f,m,lb,f,l,lb,nf,l,rt,f,m,rb,f,,,,,,,,,,,,,,,,,,,,,,,,,,,
Preference_substrate,2,3,Poly,6,5,D,26/02/2022 9:00,1,0,1,0,1,0,l,lt,nf,,,,,,,,,,,,,,,,,,,,,,,,,,,,,,,,,,,,,,,
Preference_substrate,2,4,Poly,1,5,D,26/02/2022 9:00,0,1,1,0,1,0,m,rt,nf,,,,,,,,,,,,,,,,,,,,,,,,,,,,,,,,,,,,,,,
Preference_substrate,2,4,Slate,2,5,D,26/02/2022 9:00,3,3,6,4,2,0,m,lt,nf,m,lt,f,l,lb,f,m,rt,f,m,rt,nf,m,rb,f,note-(ss6 orange color),,,,,,,,,,,,,,,,,,,,,,,
Preference_substrate,2,4,Poly,3,5,D,26/02/2022 9:00,2,3,5,3,2,0,l,lt,f,l,lt,nf,l,rt,f,m,rb,nf,m,rb,f,,,,,,,,,,,,,,,,,,,,,,,,,,,
Preference_substrate,2,4,Slate,4,5,D,26/02/2022 9:00,4,0,4,2,2,0,m,lt,nf,l,lb,nf,m,lt,f,m,lb,f,,,,,,,,,,,,,,,,,,,,,,,,,,,,,,
Preference_substrate,2,4,Poly,5,5,D,26/02/2022 9:00,2,0,2,0,2,0,m,lt,nf,l,lt,nf,,,,,,,,,,,,,,,,,,,,,,,,,,,,,,,,,,,,
Preference_substrate,2,4,Slate,6,5,D,26/02/2022 9:00,2,0,2,1,1,0,l,lb,f,m,lb,nf,,,,,,,,,,,,,,,,,,,,,,,,,,,,,,,,,,,,
Preference_substrate,2,1,Slate,1,6,N,26/02/2022 21:00,1,0,1,0,1,0,m,lt,nf,,,,,,,,,,,,,,,,,,,,,,,,,,,,,,,,,,,,,,,
Preference_substrate,2,1,Poly,2,6,N,26/02/2022 21:00,3,3,6,2,3,1,m,lt,f,m,lt,nf,m,lt,nf,l,rt,f,m,rt,m,rb,nf,,,,,,,,,,,,,,,,,,,,,,,,,
Preference_substrate,2,1,Slate,3,6,N,26/02/2022 21:00,2,0,2,0,2,0,m,lt,nf,m,lb,nf,,,,,,,,,,,,,,,,,,,,,,,,,,,,,,,,,,,,
Preference_substrate,2,1,Poly,4,6,N,26/02/2022 21:00,1,2,3,2,1,0,m,lt,nf,m,rt,f,m,rt,f,,,,,,,,,,,,,,,,,,,,,,,,,,,,,,,,,
Preference_substrate,2,1,Slate,5,6,N,26/02/2022 21:00,1,1,2,1,1,0,m,lt,f,m,rt,nf,,,,,,,,,,,,,,,,,,,,,,,,,,,,,,,,,,,,
Preference_substrate,2,1,Poly,6,6,N,26/02/2022 21:00,0,0,0,0,0,0,,,,,,,,,,,,,,,,,,,,,,,,,,,,,,,,,,,,,,,,,,
Preference_substrate,2,1,Other,,6,N,26/02/2022 21:00,7,,7,0,0,7,note-6 on tank sides one on bottom (7 total)/ 4 on the surface,,,,,,,,,,,,,,,,,,,,,,,,,,,,,,,,,,,,,,,,,
Preference_substrate,2,2,Poly,1,6,N,26/02/2022 21:00,0,0,0,0,0,0,,,,,,,,,,,,,,,,,,,,,,,,,,,,,,,,,,,,,,,,,,
Preference_substrate,2,2,Slate,2,6,N,26/02/2022 21:00,4,1,5,0,5,0,m,lt,nf,m,lt,nf,m,lt,nf,m,bl,nf,m,rt,nf,,,,,,,,,,,,,,,,,,,,,,,,,,,
Preference_substrate,2,2,Poly,3,6,N,26/02/2022 21:00,1,0,1,1,0,0,l,lb,f,,,,,,,,,,,,,,,,,,,,,,,,,,,,,,,,,,,,,,,
Preference_substrate,2,2,Slate,4,6,N,26/02/2022 21:00,2,1,3,1,2,0,m,lt,f,m,lt,nf,s,rt,nf,,,,,,,,,,,,,,,,,,,,,,,,,,,,,,,,,
Preference_substrate,2,2,Poly,5,6,N,26/02/2022 21:00,2,5,7,1,5,1,m,lt,nf,m,lb,f,m,rt,nf,m,rt,nf,m,rt,nf,l,rt,nf,,,,,,,,,,,,,,,,,,,,,,,,
Preference_substrate,2,2,Slate,6,6,N,26/02/2022 21:00,2,,2,1,3,-2,m,lt,nf,m,lt,nf,m,rt,nf,m,rt,f,,,,,,,,,,,,,,,,,,,,,,,,,,,,,,
Preference_substrate,2,2,Other,,6,N,26/02/2022 21:00,1,,1,0,0,1,note-1 on side of tank near top,,,,,,,,,,,,,,,,,,,,,,,,,,,,,,,,,,,,,,,,,
Preference_substrate,2,3,Slate,1,6,N,26/02/2022 21:00,0,0,0,0,0,0,,,,,,,,,,,,,,,,,,,,,,,,,,,,,,,,,,,,,,,,,,
Preference_substrate,2,3,Poly,2,6,N,26/02/2022 21:00,0,5,5,0,5,0,m,rt,nf,m,rt,nf,m,rt,nf,m,rt,nf,l,rt,nf,,,,,,,,,,,,,,,,,,,,,,,,,,,
Preference_substrate,2,3,Slate,3,6,N,26/02/2022 21:00,1,1,2,0,2,0,m,lt,nf,s,rt,nf,,,,,,,,,,,,,,,,,,,,,,,,,,,,,,,,,,,,
Preference_substrate,2,3,Poly,4,6,N,26/02/2022 21:00,2,7,9,1,8,0,m,lb,f,m,lt,nf,m,rt,nf,m,rt,nf,m,rt,nf,m,rb,nf,s,rb,nf,s,rb,nf,m,rb,nf,,,,,,,,,,,,,,,
Preference_substrate,2,3,Slate,5,6,N,26/02/2022 21:00,4,1,5,0,5,0,m,lt,nf,m,lt,nf,m,lt,nf,s,lb,nf,m,rt,nf,,,,,,,,,,,,,,,,,,,,,,,,,,,
Preference_substrate,2,3,Poly,6,6,N,26/02/2022 21:00,1,0,1,0,1,0,m,lb,nf,,,,,,,,,,,,,,,,,,,,,,,,,,,,,,,,,,,,,,,
Preference_substrate,2,4,Poly,1,6,N,26/02/2022 21:00,0,1,1,0,1,0,s,rt,nf,,,,,,,,,,,,,,,,,,,,,,,,,,,,,,,,,,,,,,,
Preference_substrate,2,4,Slate,2,6,N,26/02/2022 21:00,1,3,4,1,3,0,m,lt,f,l,rt,nf,m,rt,nf,m,rt,nf,,,,,,,,,,,,,,,,,,,,,,,,,,,,,,
Preference_substrate,2,4,Poly,3,6,N,26/02/2022 21:00,4,5,9,0,9,0,m,lt,nf,m,lt,nf,m,lt,nf,m,lb,nf,l,rb,nf,m,rt,nf,m,rt,nf,m,rt,nf,s,rt,nf,,,,,,,,,,,,,,,
Preference_substrate,2,4,Slate,4,6,N,26/02/2022 21:00,4,3,7,2,5,0,m,lt,f,m,lt,nf,m,lb,nf,m,lb,nf,m,rt,nf,m,rt,nf,m,rb,f,,,,,,,,,,,,,,,,,,,,,
Preference_substrate,2,4,Poly,5,6,N,26/02/2022 21:00,1,1,2,0,2,0,s,lb,nf,m,rt,nf,,,,,,,,,,,,,,,,,,,,,,,,,,,,,,,,,,,,
Preference_substrate,2,4,Slate,6,6,N,26/02/2022 21:00,1,1,2,0,2,0,l,lt,nf,m,rt,nf,,,,,,,,,,,,,,,,,,,,,,,,,,,,,,,,,,,,
Preference_substrate,2,1,Slate,1,7,D,27/02/2022 9:00,0,1,1,0,1,0,l,rt,nf,,,,,,,,,,,,,,,,,,,,,,,,,,,,,,,,,,,,,,,
Preference_substrate,2,1,Poly,2,7,D,27/02/2022 9:00,3,4,7,6,1,0,m,lt,f,m,lt,nf,m,lb,f,m,rt,f,m,rt,f,m,rt,f,m,rt,f,,,,,,,,,,,,,,,,,,,,,
Preference_substrate,2,1,Slate,3,7,D,27/02/2022 9:00,2,1,3,1,2,0,s,lt,nf,m,lb,f,s,rt,nf,,,,,,,,,,,,,,,,,,,,,,,,,,,,,,,,,
Preference_substrate,2,1,Poly,4,7,D,27/02/2022 9:00,1,1,2,1,1,0,m,lt,f,m,rt,nf,,,,,,,,,,,,,,,,,,,,,,,,,,,,,,,,,,,,
Preference_substrate,2,1,Slate,5,7,D,27/02/2022 9:00,2,1,3,1,3,-1,m,lt,nf,m,lt,nf,m,lt,f,m,rt,nf,,,,,,,,,,,,,,,,,,,,,,,,,,,,,,
Preference_substrate,2,1,Poly,6,7,D,27/02/2022 9:00,1,0,1,0,1,0,m,lt,nf,,,,,,,,,,,,,,,,,,,,,,,,,,,,,,,,,,,,,,,
Preference_substrate,2,1,Other,,7,D,27/02/2022 9:00,4,,4,0,0,4,note-3 near top of tank/water interface. All on left panel-increased air flow-tankeffect?,,,,,,,,,,,,,,,,,,,,,,,,,,,,,,,,,,,,,,,,,
Preference_substrate,2,2,Poly,1,7,D,27/02/2022 9:00,0,2,2,1,1,0,m,rt,nf,l,rb,f,,,,,,,,,,,,,,,,,,,,,,,,,,,,,,,,,,,,
Preference_substrate,2,2,Slate,2,7,D,27/02/2022 9:00,3,1,4,0,4,0,m,lt,nf,m,lt,nf,m,lt,nf,m,rb,nf,,,,,,,,,,,,,,,,,,,,,,,,,,,,,,
Preference_substrate,2,2,Poly,3,7,D,27/02/2022 9:00,0,1,1,0,1,0,m,rt,nf,,,,,,,,,,,,,,,,,,,,,,,,,,,,,,,,,,,,,,,
Preference_substrate,2,2,Slate,4,7,D,27/02/2022 9:00,3,0,3,1,3,-1,s,lt,f,l,lt,nf,s,lt,nf,m,lb,nf,,,,,,,,,,,,,,,,,,,,,,,,,,,,,,
Preference_substrate,2,2,Poly,5,7,D,27/02/2022 9:00,1,3,4,0,4,0,m,lt,nf,m,rt,nf,m,rt,nf,m,rt,nf,,,,,,,,,,,,,,,,,,,,,,,,,,,,,,
Preference_substrate,2,2,Slate,6,7,D,27/02/2022 9:00,1,2,3,0,3,0,s,lt,nf,m,rt,nf,m,rt,nf,,,,,,,,,,,,,,,,,,,,,,,,,,,,,,,,,
Preference_substrate,2,,Other,,7,D,27/02/2022 9:00,2,,2,0,0,2,note-2 on right panel,,,,,,,,,,,,,,,,,,,,,,,,,,,,,,,,,,,,,,,,,
Preference_substrate,2,3,Slate,1,7,D,27/02/2022 9:00,0,0,0,0,0,0,,,,,,,,,,,,,,,,,,,,,,,,,,,,,,,,,,,,,,,,,,
Preference_substrate,2,3,Poly,2,7,D,27/02/2022 9:00,1,3,4,1,3,0,m,lt,f,m,rt,nf,m,rt,nf,m,rt,nf,,,,,,,,,,,,,,,,,,,,,,,,,,,,,,
Preference_substrate,2,3,Slate,3,7,D,27/02/2022 9:00,0,3,3,1,2,0,m,rt,nf,m,rt,nf,m,rt,f,,,,,,,,,,,,,,,,,,,,,,,,,,,,,,,,,
Preference_substrate,2,3,Poly,4,7,D,27/02/2022 9:00,3,4,7,2,5,0,m,lt,f,m,lt,nf,m,lt,nf,s,rt,f,m,rt,nf,m,rt,nf,m,rt,nf,,,,,,,,,,,,,,,,,,,,,
Preference_substrate,2,3,Slate,5,7,D,27/02/2022 9:00,4,1,5,0,5,0,m,lt,nf,m,lt,nf,m,lb,nf,m,lb,nf,m,rt,nf,,,,,,,,,,,,,,,,,,,,,,,,,,,
Preference_substrate,2,3,Poly,6,7,D,27/02/2022 9:00,1,0,1,0,1,0,m,lt,nf,,,,,,,,,,,,,,,,,,,,,,,,,,,,,,,,,,,,,,,
Preference_substrate,2,4,Poly,1,7,D,27/02/2022 9:00,0,0,0,0,0,0,,,,,,,,,,,,,,,,,,,,,,,,,,,,,,,,,,,,,,,,,,
Preference_substrate,2,4,Slate,2,7,D,27/02/2022 9:00,0,4,4,1,3,0,m,rt,nf,m,rt,nf,m,rt,nf,m,rt,f,,,,,,,,,,,,,,,,,,,,,,,,,,,,,,
Preference_substrate,2,4,Poly,3,7,D,27/02/2022 9:00,4,6,10,2,8,0,s,lt,f,m,lt,f,m,lt,nf,m,lt,nf,m,rt,nf,m,rt,nf,m,rt,nf,m,rt,nf,m,rb,nf,m,rb,nf,,,,,,,,,,,,
Preference_substrate,2,4,Slate,4,7,D,27/02/2022 9:00,7,1,8,0,8,0,m,lt,nf,m,lt,nf,m,lb,nf,m,lb,nf,m,lb,nf,m,lb,nf,m,lb,nf,l,rb,nf,,,,,,,,,,,,,,,,,,
Preference_substrate,2,4,Poly,5,7,D,27/02/2022 9:00,0,1,1,0,1,0,m,rt,nf,,,,,,,,,,,,,,,,,,,,,,,,,,,,,,,,,,,,,,,
Preference_substrate,2,4,Slate,6,7,D,27/02/2022 9:00,0,2,2,1,1,0,m,rt,f,m,rt,nf,,,,,,,,,,,,,,,,,,,,,,,,,,,,,,,,,,,,
Preference_substrate,2,1,Slate,1,8,N,27/02/2022 21:00,2,4,6,4,2,0,m,lt,f,l,lt,f,l,rb,f,m,rb,f,m,rb,nf,m,rb,nf,,,,,,,,,,,,,,,,,,,,,,,,
Preference_substrate,2,1,Poly,2,8,N,27/02/2022 21:00,2,0,2,0,2,0,l,lt,nf,m,lb,nf,,,,,,,,,,,,,,,,,,,,,,,,,,,,,,,,,,,,
Preference_substrate,2,1,Slate,3,8,N,27/02/2022 21:00,0,2,2,0,2,0,m,rt,nf,m,rt,nf,,,,,,,,,,,,,,,,,,,,,,,,,,,,,,,,,,,,
Preference_substrate,2,1,Poly,4,8,N,27/02/2022 21:00,1,3,4,2,2,0,m,lb,f,m,rt,nf,m,rt,f,l,rt,nf,,,,,,,,,,,,,,,,,,,,,,,,,,,,,,
Preference_substrate,2,1,Slate,5,8,N,27/02/2022 21:00,1,0,1,0,1,0,m,lt,nf,,,,,,,,,,,,,,,,,,,,,,,,,,,,,,,,,,,,,,,
Preference_substrate,2,1,Poly,6,8,N,27/02/2022 21:00,0,1,1,1,0,0,m,rt,f,,,,,,,,,,,,,,,,,,,,,,,,,,,,,,,,,,,,,,,
Preference_substrate,2,1,Other,6,8,N,27/02/2022 21:00,4,0,4,0,4,0,m,glass,nf,m,glass,nf,m,glass,nf,m,glass,nf,,,,,,,,,,,,,,,,,,,,,,,,,,,,,,
Preference_substrate,2,2,Poly,1,8,N,27/02/2022 21:00,0,1,1,0,1,0,m,rt,nf,,,,,,,,,,,,,,,,,,,,,,,,,,,,,,,,,,,,,,,
Preference_substrate,2,2,Slate,2,8,N,27/02/2022 21:00,0,4,4,0,4,0,m,rt,nf,l,rt,nf,m,rt,nf,m,rt,nf,,,,,,,,,,,,,,,,,,,,,,,,,,,,,,
Preference_substrate,2,2,Poly,3,8,N,27/02/2022 21:00,1,0,1,1,0,0,l,lb,f,,,,,,,,,,,,,,,,,,,,,,,,,,,,,,,,,,,,,,,
Preference_substrate,2,2,Slate,4,8,N,27/02/2022 21:00,6,0,6,3,3,0,l,lt,f,m,lt,nf,m,lt,nf,l,lb,nf,l,lb,f,m,lb,f,,,,,,,,,,,,,,,,,,,,,,,,
Preference_substrate,2,2,Poly,5,8,N,27/02/2022 21:00,0,2,2,1,1,0,m,rt,nf,m,rt,f,,,,,,,,,,,,,,,,,,,,,,,,,,,,,,,,,,,,
Preference_substrate,2,2,Slate,6,8,N,27/02/2022 21:00,3,1,4,4,0,0,m,lt,f,m,lt,f,l,lb,f,m,rt,f,,,,,,,,,,,,,,,,,,,,,,,,,,,,,,
Preference_substrate,2,3,Slate,1,8,N,27/02/2022 21:00,0,0,0,0,0,0,,,,,,,,,,,,,,,,,,,,,,,,,,,,,,,,,,,,,,,,,,
Preference_substrate,2,3,Poly,2,8,N,27/02/2022 21:00,0,3,3,2,1,0,m,rt,f,m,rt,nf,m,rt,f,,,,,,,,,,,,,,,,,,,,,,,,,,,,,,,,,
Preference_substrate,2,3,Slate,3,8,N,27/02/2022 21:00,2,0,2,2,0,0,m,lt,f,m,lt,f,,,,,,,,,,,,,,,,,,,,,,,,,,,,,,,,,,,,
Preference_substrate,2,3,Poly,4,8,N,27/02/2022 21:00,2,6,8,3,5,0,m,lt,nf,m,lb,nf,m,rt,f,m,rt,nf,m,rt,nf,m,rt,f,m,rb,nf,m,rb,f,,,,,,,,,,,,,,,,,,
Preference_substrate,2,3,Slate,5,8,N,27/02/2022 21:00,3,2,5,1,4,0,l,lt,nf,m,lb,nf,l,lb,f,m,rb,nf,m,rb,nf,,,,,,,,,,,,,,,,,,,,,,,,,,,
Preference_substrate,2,3,Poly,6,8,N,27/02/2022 21:00,2,0,2,2,0,0,l,lt,f,m,lt,f,,,,,,,,,,,,,,,,,,,,,,,,,,,,,,,,,,,,
Preference_substrate,2,4,Poly,1,8,N,27/02/2022 21:00,0,0,0,0,0,0,,,,,,,,,,,,,,,,,,,,,,,,,,,,,,,,,,,,,,,,,,
Preference_substrate,2,4,Slate,2,8,N,27/02/2022 21:00,0,0,0,0,0,0,,,,,,,,,,,,,,,,,,,,,,,,,,,,,,,,,,,,,,,,,,
Preference_substrate,2,4,Poly,3,8,N,27/02/2022 21:00,3,8,11,6,5,0,m,lt,f,m,lb,f,m,lb,nf,m,rt,nf,m,rt,nf,m,rb,nf,m,rb,f,m,rb,f,l,rb,f,m,rb,nf,m,rb,f,,,,,,,,,
Preference_substrate,2,4,Slate,4,8,N,27/02/2022 21:00,6,0,6,3,3,0,l,lt,nf,m,lt,nf,l,lt,f,m,lb,f,m,lb,nf,m,lb,f,,,,,,,,,,,,,,,,,,,,,,,,
Preference_substrate,2,4,Poly,5,8,N,27/02/2022 21:00,2,0,2,0,2,0,l,lt,nf,l,lt,nf,,,,,,,,,,,,,,,,,,,,,,,,,,,,,,,,,,,,
Preference_substrate,2,4,Slate,6,8,N,27/02/2022 21:00,2,0,2,2,0,0,l,lt,f,l,lb,f,,,,,,,,,,,,,,,,,,,,,,,,,,,,,,,,,,,,
Preference_substrate,2,4,Other,,8,N,27/02/2022 21:00,1,0,1,1,0,0,m,glass,f,,,,,,,,,,,,,,,,,,,,,,,,,,,,,,,,,,,,,,,
Preference_substrate,2,1,Slate,1,9,D,28/02/2022 9:00,1,5,6,2,4,0,l,lb,f,m,rt,nf,m,rt,f,l,rt,nf,m,rb,nf,m,rb,nf,,,,,,,,,,,,,,,,,,,,,,,,
Preference_substrate,2,1,Poly,2,9,D,28/02/2022 9:00,1,1,2,2,0,0,m,lt,f,l,rb,f,,,,,,,,,,,,,,,,,,,,,,,,,,,,,,,,,,,,
Preference_substrate,2,1,Slate,3,9,D,28/02/2022 9:00,1,2,3,2,1,0,m,lb,nf,m,rt,f,m,rt,f,,,,,,,,,,,,,,,,,,,,,,,,,,,,,,,,,
Preference_substrate,2,1,Poly,4,9,D,28/02/2022 9:00,0,4,4,1,3,0,m,rt,nf,m,rt,nf,m,rt,nf,m,rb,f,,,,,,,,,,,,,,,,,,,,,,,,,,,,,,
Preference_substrate,2,1,Slate,5,9,D,28/02/2022 9:00,1,0,1,1,0,0,m,lb,f,,,,,,,,,,,,,,,,,,,,,,,,,,,,,,,,,,,,,,,
Preference_substrate,2,1,Poly,6,9,D,28/02/2022 9:00,0,0,0,0,0,0,,,,,,,,,,,,,,,,,,,,,,,,,,,,,,,,,,,,,,,,,,
Preference_substrate,2,1,Other,,9,D,28/02/2022 9:00,4,,4,0,4,0,m,glass,nf,m,glass,nf,m,glass,nf,m,pipetop,nf,,,,,,,,,,,,,,,,,,,,,,,,,,,,,,
Preference_substrate,2,2,Poly,1,9,D,28/02/2022 9:00,1,1,2,2,0,0,l,lt,f,m,rt,f,,,,,,,,,,,,,,,,,,,,,,,,,,,,,,,,,,,,
Preference_substrate,2,2,Slate,2,9,D,28/02/2022 9:00,1,1,2,0,2,0,l,lt,nf,m,rt,nf,,,,,,,,,,,,,,,,,,,,,,,,,,,,,,,,,,,,
Preference_substrate,2,2,Poly,3,9,D,28/02/2022 9:00,0,2,2,1,1,0,m,rb,f,l,rb,nf,,,,,,,,,,,,,,,,,,,,,,,,,,,,,,,,,,,,
Preference_substrate,2,2,Slate,4,9,D,28/02/2022 9:00,3,4,7,3,4,0,m,lt,nf,m,lt,f,l,lb,nf,m,rt,nf,m,rt,nf,l,rb,f,l,rb,f,,,,,,,,,,,,,,,,,,,,,
Preference_substrate,2,2,Poly,5,9,D,28/02/2022 9:00,2,2,4,3,1,0,m,lt,f,m,lb,f,m,rt,nf,m,rt,f,,,,,,,,,,,,,,,,,,,,,,,,,,,,,,
Preference_substrate,2,2,Slate,6,9,D,28/02/2022 9:00,4,0,4,0,4,0,m,lt,nf,m,lb,nf,m,lb,nf,m,lt,nf,,,,,,,,,,,,,,,,,,,,,,,,,,,,,,
Preference_substrate,2,2,Other,,9,D,28/02/2022 9:00,2,,2,0,2,0,m,gasoutlet,nf,m,pipetop,nf,,,,,,,,,,,,,,,,,,,,,,,,,,,,,,,,,,,,
Preference_substrate,2,3,Slate,1,9,D,28/02/2022 9:00,0,0,0,0,0,0,,,,,,,,,,,,,,,,,,,,,,,,,,,,,,,,,,,,,,,,,,
Preference_substrate,2,3,Poly,2,9,D,28/02/2022 9:00,0,0,0,1,0,-1,m,rt,f,,,,,,,,,,,,,,,,,,,,,,,,,,,,,,,,,,,,,,,
Preference_substrate,2,3,Slate,3,9,D,28/02/2022 9:00,3,0,3,0,3,0,m,lt,nf,m,lt,nf,m,lt,nf,,,,,,,,,,,,,,,,,,,,,,,,,,,,,,,,,
Preference_substrate,2,3,Poly,4,9,D,28/02/2022 9:00,2,6,8,2,6,0,l,lt,nf,m,lt,nf,m,rt,f,m,rt,nf,m,rt,nf,l,rt,nf,m,rt,nf,l,rt,f,,,,,,,,,,,,,,,,,,
Preference_substrate,2,3,Slate,5,9,D,28/02/2022 9:00,4,1,5,1,4,0,l,lt,nf,l,lt,nf,m,lb,nf,l,lb,nf,l,rb,f,,,,,,,,,,,,,,,,,,,,,,,,,,,
Preference_substrate,2,3,Poly,6,9,D,28/02/2022 9:00,0,1,1,0,1,0,l,rb,nf,,,,,,,,,,,,,,,,,,,,,,,,,,,,,,,,,,,,,,,
Preference_substrate,2,4,Poly,1,9,D,28/02/2022 9:00,0,1,1,1,0,0,m,rt,f,,,,,,,,,,,,,,,,,,,,,,,,,,,,,,,,,,,,,,,
Preference_substrate,2,4,Slate,2,9,D,28/02/2022 9:00,1,0,1,1,1,-1,m,lt,f,,,,,,,,,,,,,,,,,,,,,,,,,,,,l,rb,nf,m,rb,nf,m,rb,nf,,,
Preference_substrate,2,4,Poly,3,9,D,28/02/2022 9:00,8,5,13,3,7,3,m,lt,nf,m,lt,f,m,lt,nf,m,lt,f,m,lt,nf,l,lb,nf,l,lb,f,m,lb,nf,l,rt,nf,m,rb,nf,,,,,,,,,,,,
Preference_substrate,2,4,Slate,4,9,D,28/02/2022 9:00,5,2,7,1,6,0,m,lt,nf,l,lt,nf,l,lt,nf,m,lb,nf,m,lb,nf,m,rt,nf,l,rb,f,,,,,,,,,,,,,,,,,,,,,
Preference_substrate,2,4,Poly,5,9,D,28/02/2022 9:00,0,0,0,0,0,0,,,,,,,,,,,,,,,,,,,,,,,,,,,,,,,,,,,,,,,,,,
Preference_substrate,2,4,Slate,6,9,D,28/02/2022 9:00,0,0,0,0,0,0,,,,,,,,,,,,,,,,,,,,,,,,,,,,,,,,,,,,,,,,,,
Preference_substrate,2,4,Other,,9,D,28/02/2022 9:00,2,,2,1,1,0,l,pipetop,nf,m,glass,f,,,,,,,,,,,,,,,,,,,,,,,,,,,,,,,,,,,,
Preference_substrate,2,1,Slate,1,10,N,28/02/2022 21:00,5,1,6,3,3,0,s,lt,f,l,lb,f,l,lb,f,m,lb,nf,m,lb,nf,m,rb,nf,,,,,,,,,,,,,,,,,,,,,,,,
Preference_substrate,2,1,Poly,2,10,N,28/02/2022 21:00,2,0,2,1,1,0,s,lt,nf,m,lt,f,,,,,,,,,,,,,,,,,,,,,,,,,,,,,,,,,,,,
Preference_substrate,2,1,Slate,3,10,N,28/02/2022 21:00,3,2,5,0,5,0,m,lt,nf,m,lt,nf,m,lb,nf,m,rb,nf,m,rb,nf,,,,,,,,,,,,,,,,,,,,,,,,,,,
Preference_substrate,2,1,Poly,4,10,N,28/02/2022 21:00,0,3,3,0,2,1,m,rt,nf,m,rb,nf,m,rb,feeding,,,,,,,,,,,,,,,,,,,,,,,,,,,,,,,,,
Preference_substrate,2,1,Slate,5,10,N,28/02/2022 21:00,1,0,1,0,1,0,m,rt,nf,,,,,,,,,,,,,,,,,,,,,,,,,,,,,,,,,,,,,,,
Preference_substrate,2,1,Poly,6,10,N,28/02/2022 21:00,0,0,0,0,0,0,,,,,,,,,,,,,,,,,,,,,,,,,,,,,,,,,,,,,,,,,,
Preference_substrate,2,1,Other,,10,N,28/02/2022 21:00,5,,5,0,0,5,Note-2 near top,,,,,,,,,,,,,,,,,,,,,,,,,,,,,,,,,,,,,,,,,
Preference_substrate,2,2,Poly,1,10,N,28/02/2022 21:00,0,1,1,0,1,0,m,rt,nf,,,,,,,,,,,,,,,,,,,,,,,,,,,,,,,,,,,,,,,
Preference_substrate,2,2,Slate,2,10,N,28/02/2022 21:00,1,2,3,0,3,0,m,lb,nf,m,rt,nf,m,rb,nf,,,,,,,,,,,,,,,,,,,,,,,,,,,,,,,,,
Preference_substrate,2,2,Poly,3,10,N,28/02/2022 21:00,1,2,3,2,1,0,m,lt,nf,m,rt,f,m,rb,f,,,,,,,,,,,,,,,,,,,,,,,,,,,,,,,,,
Preference_substrate,2,2,Slate,4,10,N,28/02/2022 21:00,3,1,4,1,3,0,s,lt,nf,s,lt,nf,m,rt,nf,l,rb,f,,,,,,,,,,,,,,,,,,,,,,,,,,,,,,
Preference_substrate,2,2,Poly,5,10,N,28/02/2022 21:00,3,2,5,1,4,0,m,lt,nf,m,lt,nf,m,lt,nf,m,rt,nf,m,rt,f,,,,,,,,,,,,,,,,,,,,,,,,,,,
Preference_substrate,2,2,Slate,6,10,N,28/02/2022 21:00,3,2,5,0,5,0,m,lt,nf,m,lt,nf,m,lt,nf,m,rt,nf,m,rb,nf,,,,,,,,,,,,,,,,,,,,,,,,,,,
Preference_substrate,2,3,Slate,1,10,N,28/02/2022 21:00,1,0,1,1,0,0,m,lt,f,,,,,,,,,,,,,,,,,,,,,,,,,,,,,,,,,,,,,,,
Preference_substrate,2,3,Poly,2,10,N,28/02/2022 21:00,0,2,2,0,2,0,m,rt,nf,m,rt,nf,,,,,,,,,,,,,,,,,,,,,,,,,,,,,,,,,,,,
Preference_substrate,2,3,Slate,3,10,N,28/02/2022 21:00,2,1,3,0,3,0,m,lt,nf,m,lt,nf,m,rt,nf,,,,,,,,,,,,,,,,,,,,,,,,,,,,,,,,,
Preference_substrate,2,3,Poly,4,10,N,28/02/2022 21:00,2,6,8,1,7,0,m,lt,nf,m,lt,nf,m,rt,nf,m,rt,nf,m,rt,nf,m,rt,nf,m,rt,nf,m,rb,f,,,,,,,,,,,,,,,,,,
Preference_substrate,2,3,Slate,5,10,N,28/02/2022 21:00,3,0,3,0,3,0,m,lt,nf,l,lb,nf,m,lb,nf,,,,,,,,,,,,,,,,,,,,,,,,,,,,,,,,,
Preference_substrate,2,3,Poly,6,10,N,28/02/2022 21:00,0,0,0,0,0,0,,,,,,,,,,,,,,,,,,,,,,,,,,,,,,,,,,,,,,,,,,
Preference_substrate,2,3,Other,,10,N,28/02/2022 21:00,2,,2,0,0,2,Note-1 near top|1 on airstone,,,,,,,,,,,,,,,,,,,,,,,,,,,,,,,,,,,,,,,,,
Preference_substrate,2,4,Poly,1,10,N,28/02/2022 21:00,0,0,0,0,0,0,,,,,,,,,,,,,,,,,,,,,,,,,,,,,,,,,,,,,,,,,,
Preference_substrate,2,4,Slate,2,10,N,28/02/2022 21:00,1,2,3,0,3,0,m,lt,nf,m,rt,nf,m,rt,nf,,,,,,,,,,,,,,,,,,,,,,,,,,,,,,,,,
Preference_substrate,2,4,Poly,3,10,N,28/02/2022 21:00,2,4,6,1,5,0,l,lt,f,m,lt,nf,m,rt,nf,m,rt,nf,m,rt,nf,m,rb,nf,,,,,,,,,,,,,,,,,,,,,,,,
Preference_substrate,2,4,Slate,4,10,N,28/02/2022 21:00,10,1,11,1,9,1,m,lt,nf,m,lt,nf,m,lt,nf,m,lt,nf,m,lb,nf,m,lb,nf,m,lb,nf,m,lb,nf,s,lb,f,m,rb,nf,,,,,,,,,,,,
Preference_substrate,2,4,Poly,5,10,N,28/02/2022 21:00,1,0,1,0,1,0,m,lt,nf,,,,,,,,,,,,,,,,,,,,,,,,,,,,,,,,,,,,,,,
Preference_substrate,2,4,Slate,6,10,N,28/02/2022 21:00,0,0,0,0,0,0,,,,,,,,,,,,,,,,,,,,,,,,,,,,,,,,,,,,,,,,,,
Preference_substrate,2,,Other,,10,N,28/02/2022 21:00,5,0,5,0,0,5,"Note-4 near top, 1 of them was feeding, other on airstone",,,,,,,,,,,,,,,,,,,,,,,,,,,,,,,,,,,,,,,,,
Preference_substrate,2,1,Slate,1,11,D,1/03/2022 9:00,4,1,5,1,3,1,s,lt,feeding,m,lt,f,m,lt,nf,s,lb,nf,m,rt,nf,,,,,,,,,,,,,,,,,,,,,,,,,,,
Preference_substrate,2,1,Poly,2,11,D,1/03/2022 9:00,1,0,1,0,1,0,m,lt,nf,,,,,,,,,,,,,,,,,,,,,,,,,,,,,,,,,,,,,,,
Preference_substrate,2,1,Slate,3,11,D,1/03/2022 9:00,1,4,5,1,4,0,m,lb,nf,m,rt,f,m,rt,nf,m,rt,nf,m,rb,nf,,,,,,,,,,,,,,,,,,,,,,,,,,,
Preference_substrate,2,1,Poly,4,11,D,1/03/2022 9:00,0,0,0,0,0,0,,,,,,,,,,,,,,,,,,,,,,,,,,,,,,,,,,,,,,,,,,
Preference_substrate,2,1,Slate,5,11,D,1/03/2022 9:00,3,0,3,0,3,0,m,lt,nf,m,lt,nf,m,lt,nf,,,,,,,,,,,,,,,,,,,,,,,,,,,,,,,,,
Preference_substrate,2,1,Poly,6,11,D,1/03/2022 9:00,1,0,1,0,1,0,l,rb,nf,,,,,,,,,,,,,,,,,,,,,,,,,,,,,,,,,,,,,,,
Preference_substrate,2,,Other,,11,D,1/03/2022 9:00,7,0,7,0,0,7,"note-all near surface, all medium (clustered around bubbler)",,,,,,,,,,,,,,,,,,,,,,,,,,,,,,,,,,,,,,,,,
Preference_substrate,2,2,Poly,1,11,D,1/03/2022 9:00,0,1,1,0,1,0,m,rt,nf,,,,,,,,,,,,,,,,,,,,,,,,,,,,,,,,,,,,,,,
Preference_substrate,2,2,Slate,2,11,D,1/03/2022 9:00,2,1,3,0,3,0,s,lt,nf,s,lt,nf,m,rt,nf,,,,,,,,,,,,,,,,,,,,,,,,,,,,,,,,,
Preference_substrate,2,2,Poly,3,11,D,1/03/2022 9:00,1,0,1,0,1,0,m,lt,nf,,,,,,,,,,,,,,,,,,,,,,,,,,,,,,,,,,,,,,,
Preference_substrate,2,2,Slate,4,11,D,1/03/2022 9:00,5,2,7,2,4,1,m,lt,nf,m,lt,nf,m,lt,nf,m,lt,f,m,rt,nf,l,rb,f,,,,,,,,,,,,,,,,,,,,,,,,
Preference_substrate,2,2,Poly,5,11,D,1/03/2022 9:00,3,2,5,3,2,0,m,lb,nf,l,lb,nf,m,lb,f,l,rb,f,m,rt,f,,,,,,,,,,,,,,,,,,,,,,,,,,,
Preference_substrate,2,2,Slate,6,11,D,1/03/2022 9:00,1,2,3,0,3,0,m,lt,nf,s,rt,nf,m,rt,nf,,,,,,,,,,,,,,,,,,,,,,,,,,,,,,,,,
Preference_substrate,2,,Other,6,11,D,1/03/2022 9:00,1,0,1,1,0,0,m,rt,f,,,,,,,,,,,,,,,,,,,,,,,,,,,,,,,,,,,,,,,
Preference_substrate,2,3,Slate,1,11,D,1/03/2022 9:00,0,1,1,1,0,0,l,rt,f,,,,,,,,,,,,,,,,,,,,,,,,,,,,,,,,,,,,,,,
Preference_substrate,2,3,Poly,2,11,D,1/03/2022 9:00,0,3,3,1,1,1,m,rt,nf,s,rt,f,,,,,,,,,,,,,,,,,,,,,,,,,,,,,,,,,,,,
Preference_substrate,2,3,Slate,3,11,D,1/03/2022 9:00,1,1,2,1,1,0,m,lb,nf,m,rb,f,,,,,,,,,,,,,,,,,,,,,,,,,,,,,,,,,,,,
Preference_substrate,2,3,Poly,4,11,D,1/03/2022 9:00,0,6,6,4,2,0,m,rt,nf,m,rt,f,m,rt,f,s,rt,f,m,rb,f,m,rb,nf,,,,,,,,,,,,,,,,,,,,,,,,
Preference_substrate,2,3,Slate,5,11,D,1/03/2022 9:00,4,2,6,2,4,0,m,lt,f,m,lt,nf,s,lb,nf,s,lb,nf,l,rb,nf,l,rb,f,,,,,,,,,,,,,,,,,,,,,,,,
Preference_substrate,2,3,Poly,6,11,D,1/03/2022 9:00,1,0,1,1,0,0,m,lt,f,,,,,,,,,,,,,,,,,,,,,,,,,,,,,,,,,,,,,,,
Preference_substrate,2,,Other,6,11,D,1/03/2022 9:00,2,0,2,0,0,2,"note-one on bubbler (m), one on surface (L, not feeding)",,,,,,,,,,,,,,,,,,,,,,,,,,,,,,,,,,,,,,,,,
Preference_substrate,2,4,Poly,1,11,D,1/03/2022 9:00,0,0,0,0,0,0,,,,,,,,,,,,,,,,,,,,,,,,,,,,,,,,,,,,,,,,,,
Preference_substrate,2,4,Slate,2,11,D,1/03/2022 9:00,1,3,4,1,3,0,m,lt,nf,s,rt,nf,s,rb,nf,m,lb,f,,,,,,,,,,,,,,,,,,,,,,,,,,,,,,
Preference_substrate,2,4,Poly,3,11,D,1/03/2022 9:00,3,1,4,2,2,0,m,lt,f,m,lt,nf,l,lb,nf,m,rt,f,,,,,,,,,,,,,,,,,,,,,,,,,,,,,,
Preference_substrate,2,4,Slate,4,11,D,1/03/2022 9:00,5,3,8,3,5,0,m,lt,nf,m,lb,f,m,lb,nf,m,lb,nf,s,lb,nf,m,rt,nf,m,rt,f,s,rb,f,,,,,,,,,,,,,,,,,,
Preference_substrate,2,4,Poly,5,11,D,1/03/2022 9:00,1,2,3,1,2,0,m,lt,nf,m,rt,nf,m,rb,f,,,,,,,,,,,,,,,,,,,,,,,,,,,,,,,,,
Preference_substrate,2,4,Slate,6,11,D,1/03/2022 9:00,1,0,1,1,0,0,l,lt,f,,,,,,,,,,,,,,,,,,,,,,,,,,,,,,,,,,,,,,,
Preference_substrate,2,,Other,6,11,D,1/03/2022 9:00,5,0,5,1,4,0,m,glass(bub),f,l,glass(bub),nf,l,glass(bub),nf,m,glass(bub),nf,m,glass(bub),nf,note=all at surface of back in bubbler plume,,,,,,,,,,,,,,,,,,,,,,,,,,
Preference_substrate,2,1,Slate,1,12,N,1/03/2022 21:00,2,1,3,1,2,0,m,lt,nf,m,lt,f,m,rt,nf,,,,,,,,,,,,,,,,,,,,,,,,,,,,,,,,,
Preference_substrate,2,1,Poly,2,12,N,1/03/2022 21:00,1,0,1,0,1,0,m,lt,nf,,,,,,,,,,,,,,,,,,,,,,,,,,,,,,,,,,,,,,,
Preference_substrate,2,1,Slate,3,12,N,1/03/2022 21:00,0,3,3,2,1,0,m,rb,nf,l,rb,f,m,rt,f,,,,,,,,,,,,,,,,,,,,,,,,,,,,,,,,,
Preference_substrate,2,1,Poly,4,12,N,1/03/2022 21:00,0,1,1,0,1,0,m,rt,nf,,,,,,,,,,,,,,,,,,,,,,,,,,,,,,,,,,,,,,,
Preference_substrate,2,1,Slate,5,12,N,1/03/2022 21:00,2,0,2,1,1,0,m,lt,nf,m,lt,f,,,,,,,,,,,,,,,,,,,,,,,,,,,,,,,,,,,,
Preference_substrate,2,1,Poly,6,12,N,1/03/2022 21:00,0,1,1,1,0,0,l,rb,f,,,,,,,,,,,,,,,,,,,,,,,,,,,,,,,,,,,,,,,
Preference_substrate,2,,Other,,12,N,1/03/2022 21:00,8,,8,0,8,0,m,glass(bub),nf,m,glass(bub),nf,m,glass(bub),nf,m,glass(bub),nf,m,glass(bub),nf,m,glass,nf,m,toppipe,nf,l,toppipe,nf,,,,,,,,,,,,,,,,,,
Preference_substrate,2,2,Poly,1,12,N,1/03/2022 21:00,0,0,0,0,0,0,,,,,,,,,,,,,,,,,,,,,,,,,,,,,,,,,,,,,,,,,,
Preference_substrate,2,2,Slate,2,12,N,1/03/2022 21:00,0,3,3,0,3,0,m,rt,nf,m,rt,nf,m,rt,nf,,,,,,,,,,,,,,,,,,,,,,,,,,,,,,,,,
Preference_substrate,2,2,Poly,3,12,N,1/03/2022 21:00,0,1,1,1,0,0,l,rt,f,,,,,,,,,,,,,,,,,,,,,,,,,,,,,,,,,,,,,,,
Preference_substrate,2,2,Slate,4,12,N,1/03/2022 21:00,5,1,6,1,5,0,m,lt,nf,m,lt,nf,m,lt,nf,m,lt,nf,l,lb,nf,m,rt,f,,,,,,,,,,,,,,,,,,,,,,,,
Preference_substrate,2,2,Poly,5,12,N,1/03/2022 21:00,3,2,5,2,3,0,l,lb,nf,m,lb,nf,l,lt,f,l,rb,f,l,rt,nf,note-directl infront of bubble,,,,,,,,,,,,,,,,,,,,,,,,,,
Preference_substrate,2,2,Slate,6,12,N,1/03/2022 21:00,3,1,4,1,3,0,m,lt,nf,m,lb,nf,l,lb,f,m,rt,nf,,,,,,,,,,,,,,,,,,,,,,,,,,,,,,
,2,,Other,,12,N,1/03/2022 21:00,1,0,1,0,1,0,l,glass,nf,,,,,,,,,,,,,,,,,,,,,,,,,,,,,,,,,,,,,,,
Preference_substrate,2,3,Slate,1,12,N,1/03/2022 21:00,1,0,1,0,1,0,l,lt,nf,,,,,,,,,,,,,,,,,,,,,,,,,,,,,,,,,,,,,,,
Preference_substrate,2,3,Poly,2,12,N,1/03/2022 21:00,0,3,3,0,3,0,l,rt,nf,m,rt,nf,m,rt,nf,,,,,,,,,,,,,,,,,,,,,,,,,,,,,,,,,
Preference_substrate,2,3,Slate,3,12,N,1/03/2022 21:00,1,1,2,1,1,0,m,lt,nf,l,rb,f,,,,,,,,,,,,,,,,,,,,,,,,,,,,,,,,,,,,
Preference_substrate,2,3,Poly,4,12,N,1/03/2022 21:00,2,4,6,2,4,0,l,lt,nf,m,rt,nf,m,rb,f,l,rb,f,m,rb,nf,m,lb,nf,,,,,,,,,,,,,,,,,,,,,,,,
Preference_substrate,2,3,Slate,5,12,N,1/03/2022 21:00,3,0,3,1,2,0,m,lt,nf,l,lb,f,m,lb,nf,,,,,,,,,,,,,,,,,,,,,,,,,,,,,,,,,
Preference_substrate,2,3,Poly,6,12,N,1/03/2022 21:00,0,1,1,1,0,0,l,rt,f,,,,,,,,,,,,,,,,,,,,,,,,,,,,,,,,,,,,,,,
,2,,Other,6,12,N,1/03/2022 21:00,2,0,2,1,1,0,l,glass,nf,l,glass,f,,,,,,,,,,,,,,,,,,,,,,,,,,,,,,,,,,,,
Preference_substrate,2,4,Poly,1,12,N,1/03/2022 21:00,0,0,0,0,0,0,,,,,,,,,,,,,,,,,,,,,,,,,,,,,,,,,,,,,,,,,,
Preference_substrate,2,4,Slate,2,12,N,1/03/2022 21:00,3,2,5,1,4,0,l,lt,f,m,lt,nf,l,lb,nf,m,rb,nf,m,rb,nf,,,,,,,,,,,,,,,,,,,,,,,,,,,
Preference_substrate,2,4,Poly,3,12,N,1/03/2022 21:00,3,0,3,0,3,0,m,lb,nf,m,lb,nf,m,lb,nf,,,,,,,,,,,,,,,,,,,,,,,,,,,,,,,,,
Preference_substrate,2,4,Slate,4,12,N,1/03/2022 21:00,0,2,2,2,0,0,m,rt,f,l,rt,f,,,,,,,,,,,,,,,,,,,,,,,,,,,,,,,,,,,,
Preference_substrate,2,4,Poly,5,12,N,1/03/2022 21:00,3,1,4,3,1,0,m,lt,f,m,lt,nf,m,lb,f,m,rb,f,,,,,,,,,,,,,,,,,,,,,,,,,,,,,,
Preference_substrate,2,4,Slate,6,12,N,1/03/2022 21:00,1,1,2,1,1,0,l,lt,nf,l,rb,f,,,,,,,,,,,,,,,,,,,,,,,,,,,,,,,,,,,,
Preference_substrate,2,4,Other,6,12,N,1/03/2022 21:00,6,0,6,0,6,0,l,glass(bub),nf,l,glass(bub),nf,m,glass(bub),nf,m,glass(bub),nf,m,glass(bub),nf,m,glass(bub),nf,,,,,,,,,,,,,,,,,,,,,,,,
Preference_substrate,2,1,Slate,1,13,D,2/03/2022 9:00,3,1,4,1,3,0,m,lt,nf,m,lb,nf,m,bl,f,s,rt,nf,,,,,,,,,,,,,,,,,,,,,,,,,,,,,,
Preference_substrate,2,1,Poly,2,13,D,2/03/2022 9:00,1,0,1,0,1,0,s,lt,nf,,,,,,,,,,,,,,,,,,,,,,,,,,,,,,,,,,,,,,,
Preference_substrate,2,1,Slate,3,13,D,2/03/2022 9:00,1,0,1,0,1,0,m,lb,nf,,,,,,,,,,,,,,,,,,,,,,,,,,,,,,,,,,,,,,,
Preference_substrate,2,1,Poly,4,13,D,2/03/2022 9:00,2,0,2,1,1,0,m,lt,f,m,lb,nf,,,,,,,,,,,,,,,,,,,,,,,,,,,,,,,,,,,,
Preference_substrate,2,1,Slate,5,13,D,2/03/2022 9:00,2,1,3,1,2,0,m,lt,nf,m,lb,f,l,rt,nf,,,,,,,,,,,,,,,,,,,,,,,,,,,,,,,,,
Preference_substrate,2,1,Poly,6,13,D,2/03/2022 9:00,1,0,1,1,1,-1,m,lt,f,,,,,,,,,,,,,,,,,,,,,,,,,,,,l,plateholder,nf,,,,,,,,,
Preference_substrate,2,1,Other,6,13,D,2/03/2022 9:00,11,,11,1,9,1,m,bubble,nf,m,bubble,nf,m,bubble,nf,m,bubble,nf,m,bubble,nf,m,bubble,nf,m,bubble,nf,m,bubble,nf,m,bubble,nf,m,glass,f,,,,,,,,,,,,
Preference_substrate,2,2,Poly,1,13,D,2/03/2022 9:00,0,1,1,1,0,0,s,rt,f,,,,,,,,,,,,,,,,,,,,,,,,,,,,,,,,,,,,,,,
Preference_substrate,2,2,Slate,2,13,D,2/03/2022 9:00,0,1,1,0,1,0,m,rt,nf,,,,,,,,,,,,,,,,,,,,,,,,,,,,,,,,,,,,,,,
Preference_substrate,2,2,Poly,3,13,D,2/03/2022 9:00,0,0,0,0,0,0,,,,,,,,,,,,,,,,,,,,,,,,,,,,,,,,,,,,,,,,,,
Preference_substrate,2,2,Slate,4,13,D,2/03/2022 9:00,7,0,7,2,5,0,m,lt,nf,m,lt,nf,m,lt,nf,s,lt,nf,s,lt,nf,m,lt,f,l,lb,f,,,,,,,,,,,,,,,,,,,,,
Preference_substrate,2,2,Poly,5,13,D,2/03/2022 9:00,5,1,6,1,5,0,m,lt,nf,m,lt,nf,m,lb,nf,s,lb,nf,m,lb,f,m,rb,nf,,,,,,,,,,,,,,,,,,,,,,,,
Preference_substrate,2,2,Slate,6,13,D,2/03/2022 9:00,4,0,4,1,3,0,m,lt,nf,m,lt,nf,m,lb,f,s,lb,nf,,,,,,,,,,,,,,,,,,,,,,,,,,,,,,
Preference_substrate,2,2,Other,,13,D,2/03/2022 9:00,2,0,2,1,1,0,l,surface in bubble eddy,nf,l,rt,f,,,,,,,,,,,,,,,,,,,,,,,,,,,,,,,,,,,,
Preference_substrate,2,3,Slate,1,13,D,2/03/2022 9:00,0,0,0,0,0,0,,,,,,,,,,,,,,,,,,,,,,,,,,,,,,,,,,,,,,,,,,
Preference_substrate,2,3,Poly,2,13,D,2/03/2022 9:00,0,2,2,1,1,0,s,rt,nf,s,rt,f,,,,,,,,,,,,,,,,,,,,,,,,,,,,,,,,,,,,
Preference_substrate,2,3,Slate,3,13,D,2/03/2022 9:00,1,2,3,1,2,0,m,lt,nf,m,rt,nf,m,rb,f,,,,,,,,,,,,,,,,,,,,,,,,,,,,,,,,,
Preference_substrate,2,3,Poly,4,13,D,2/03/2022 9:00,2,4,6,0,6,0,m,lb,nf,m,lt,nf,m,rt,nf,m,rt,nf,m,rt,nf,m,rt,nf,,,,,,,,,,,,,,,,,,,,,,,,
Preference_substrate,2,3,Slate,5,13,D,2/03/2022 9:00,4,0,4,0,4,0,l,lb,nf,m,lb,nf,m,lb,nf,m,lb,nf,,,,,,,,,,,,,,,,,,,,,,,,,,,,,,
Preference_substrate,2,3,Poly,6,13,D,2/03/2022 9:00,1,2,3,2,1,0,l,rt,f,m,rt,nf,l,rb,f,,,,,,,,,,,,,,,,,,,,,,,,,,,,,,,,,
Preference_substrate,2,3,Other,,13,D,2/03/2022 9:00,1,0,1,0,1,0,l,back-top-right-corner,nf,,,,,,,,,,,,,,,,,,,,,,,,,,,,,,,,,,,,,,,
Preference_substrate,2,4,Poly,1,13,D,2/03/2022 9:00,0,1,1,1,0,0,m,rt,f,,,,,,,,,,,,,,,,,,,,,,,,,,,,,,,,,,,,,,,
Preference_substrate,2,4,Slate,2,13,D,2/03/2022 9:00,1,2,3,1,2,0,m,lt,f,m,rt,nf,m,rt,nf,,,,,,,,,,,,,,,,,,,,,,,,,,,,,,,,,
Preference_substrate,2,4,Poly,3,13,D,2/03/2022 9:00,3,3,6,2,4,0,m,lt,nf,m,lb,nf,m,lb,f,m,rt,nf,m,rb,f,s,rb,nf,,,,,,,,,,,,,,,,,,,,,,,,
Preference_substrate,2,4,Slate,4,13,D,2/03/2022 9:00,2,0,2,0,2,0,s,lt,nf,m,lt,nf,,,,,,,,,,,,,,,,,,,,,,,,,,,,,,,,,,,,
Preference_substrate,2,4,Poly,5,13,D,2/03/2022 9:00,1,1,2,1,1,0,m,lt,nf,m,rb,f,,,,,,,,,,,,,,,,,,,,,,,,,,,,,,,,,,,,
Preference_substrate,2,4,Slate,6,13,D,2/03/2022 9:00,0,0,0,0,0,0,,,,,,,,,,,,,,,,,,,,,,,,,,,,,,,,,,,,,,,,,,
Preference_substrate,2,4,Other,,13,D,2/03/2022 9:00,9,0,9,0,9,0,m,glass(bub),nf,m,glass(bub),nf,m,glass(bub),nf,m,glass(bub),nf,m,glass(bub),nf,m,glass(bub),nf,m,glass(bub),nf,m,glass(bub),nf,m,glass(bub),nf,,,,,,,,,,,,,,,
Preference_substrate,2,1,Slate,1,14,N,2/03/2022 21:00,1,1,2,1,1,0,l,lt,f,m,rt,nf,,,,,,,,,,,,,,,,,,,,,,,,,,,,,,,,,,,,
Preference_substrate,2,1,Poly,2,14,N,2/03/2022 21:00,0,0,0,0,0,0,,,,,,,,,,,,,,,,,,,,,,,,,,,,,,,,,,,,,,,,,,
Preference_substrate,2,1,Slate,3,14,N,2/03/2022 21:00,0,0,0,0,0,0,,,,,,,,,,,,,,,,,,,,,,,,,,,,,,,,,,,,,,,,,,
Preference_substrate,2,1,Poly,4,14,N,2/03/2022 21:00,1,0,1,1,0,0,l,rb,f,,,,,,,,,,,,,,,,,,,,,,,,,,,,,,,,,,,,,,,
Preference_substrate,2,1,Slate,5,14,N,2/03/2022 21:00,2,1,3,1,2,0,m,lt,f,m,lt,nf,m,rt,nf,,,,,,,,,,,,,,,,,,,,,,,,,,,,,,,,,
Preference_substrate,2,1,Poly,6,14,N,2/03/2022 21:00,0,1,1,1,1,-1,m,rt,f,,,,,,,,,,,,,,,,,,,,,,,,,,,,l,glass(bub),nf,l,glass(bub),nf,l,toppipe,nf,m,glass,nf
Preference_substrate,2,1,Other,,14,N,2/03/2022 21:00,14,0,14,1,9,4,m,glass(bub),nf,m,glass(bub),nf,m,glass(bub),nf,m,glass(bub),nf,m,glass(bub),nf,m,glass(bub),nf,m,glass(bub),nf,m,glass(bub),nf,m,glass(bub),f,l,glass(bub),nf,,,,,,,,,,,,
Preference_substrate,2,2,Poly,1,14,N,2/03/2022 21:00,0,0,0,0,0,0,,,,,,,,,,,,,,,,,,,,,,,,,,,,,,,,,,,,,,,,,,
Preference_substrate,2,2,Slate,2,14,N,2/03/2022 21:00,0,1,1,0,1,0,m,rt,nf,,,,,,,,,,,,,,,,,,,,,,,,,,,,,,,,,,,,,,,
Preference_substrate,2,2,Poly,3,14,N,2/03/2022 21:00,0,1,1,0,1,0,m,rb,nf,,,,,,,,,,,,,,,,,,,,,,,,,,,,,,,,,,,,,,,
Preference_substrate,2,2,Slate,4,14,N,2/03/2022 21:00,5,2,7,3,4,0,m,lt,nf,m,lt,f,m,lt,nf,m,lt,nf,l,lt,f,l,rt,nf,m,rb,f,,,,,,,,,,,,,,,,,,,,,
Preference_substrate,2,2,Poly,5,14,N,2/03/2022 21:00,3,2,5,2,3,0,l,lb,nf,m,lb,f,l,lb,nf,l,rt,f,m,rb,nf,,,,,,,,,,,,,,,,,,,,,,,,,,,
Preference_substrate,2,2,Slate,6,14,N,2/03/2022 21:00,2,0,2,0,2,0,m,lt,nf,m,lb,nf,,,,,,,,,,,,,,,,,,,,,,,,,,,,,,,,,,,,
Preference_substrate,2,2,Other,,14,N,2/03/2022 21:00,4,,4,1,3,0,l,gass,nf,m,glass,nf,m,glass,nf,m,glass,f,,,,,,,,,,,,,,,,,,,,,,,,,,,,,,
Preference_substrate,2,3,Slate,1,14,N,2/03/2022 21:00,0,0,0,0,0,0,,,,,,,,,,,,,,,,,,,,,,,,,,,,,,,,,,,,,,,,,,
Preference_substrate,2,3,Poly,2,14,N,2/03/2022 21:00,0,0,0,0,0,0,,,,,,,,,,,,,,,,,,,,,,,,,,,,,,,,,,,,,,,,,,
Preference_substrate,2,3,Slate,3,14,N,2/03/2022 21:00,2,0,2,0,2,0,m,lt,nf,m,lt,nf,,,,,,,,,,,,,,,,,,,,,,,,,,,,,,,,,,,,
Preference_substrate,2,3,Poly,4,14,N,2/03/2022 21:00,1,4,5,2,3,0,m,lt,f,m,rt,nf,m,rb,nf,m,rt,nf,l,rb,f,,,,,,,,,,,,,,,,,,,,,,,,,,,
Preference_substrate,2,3,Slate,5,14,N,2/03/2022 21:00,4,0,4,1,3,0,m,lb,nf,m,lb,nf,m,lb,nf,m,lb,f,,,,,,,,,,,,,,,,,,,,,,,,,,,,,,
Preference_substrate,2,3,Poly,6,14,N,2/03/2022 21:00,1,1,2,2,0,0,l,lt,f,m,rb,f,,,,,,,,,,,,,,,,,,,,,,,,,,,,,,,,,,,,
Preference_substrate,2,3,Other,,14,N,2/03/2022 21:00,3,0,3,2,1,0,l,glass,nf,m,glass,f,m,glass,f,,,,,,,,,,,,,,,,,,,,,,,,,,,,,,,,,
Preference_substrate,2,4,Poly,1,14,N,2/03/2022 21:00,0,1,1,0,1,0,m,rt,nf,,,,,,,,,,,,,,,,,,,,,,,,,,,,,,,,,,,,,,,
Preference_substrate,2,4,Slate,2,14,N,2/03/2022 21:00,3,0,3,0,3,0,m,lt,nf,m,lt,nf,m,lb,nf,,,,,,,,,,,,,,,,,,,,,,,,,,,,,,,,,
Preference_substrate,2,4,Poly,3,14,N,2/03/2022 21:00,5,3,8,2,6,0,m,lt,nf,m,lt,nf,l,lb,nf,m,lb,nf,m,lb,f,m,rt,f,l,rt,nf,l,rb,nf,,,,,,,,,,,,,,,,,,
Preference_substrate,2,4,Slate,4,14,N,2/03/2022 21:00,1,0,1,1,0,0,m,lb,f,,,,,,,,,,,,,,,,,,,,,,,,,,,,,,,,,,,,,,,
Preference_substrate,2,4,Poly,5,14,N,2/03/2022 21:00,0,0,0,0,0,0,,,,,,,,,,,,,,,,,,,,,,,,,,,,,,,,,,,,,,,,,,
Preference_substrate,2,4,Slate,6,14,N,2/03/2022 21:00,0,0,0,0,0,0,,,,,,,,,,,,,,,,,,,,,,,,,,,,,,,,,,,,,,,,,,
Preference_substrate,2,4,Other,,14,N,2/03/2022 21:00,9,,9,1,8,0,m,glass,nf,m,glass,nf,m,glass,nf,m,glass,nf,m,glass,nf,l,glass,nf,l,glass,nf,l,glass,nf,l,glass,f,,,,,,,,,,,,,,,
Preference_substrate,2,1,Slate,1,15,D,3/03/2022 9:00,0,1,1,0,1,0,m,lb,nf,,,,,,,,,,,,,,,,,,,,,,,,,,,,,,,,,,,,,,,
Preference_substrate,2,1,Poly,2,15,D,3/03/2022 9:00,0,0,0,0,0,0,,,,,,,,,,,,,,,,,,,,,,,,,,,,,,,,,,,,,,,,,,
Preference_substrate,2,1,Slate,3,15,D,3/03/2022 9:00,0,1,1,0,1,0,m,lt,nf,,,,,,,,,,,,,,,,,,,,,,,,,,,,,,,,,,,,,,,
Preference_substrate,2,1,Poly,4,15,D,3/03/2022 9:00,0,0,0,0,0,0,,,,,,,,,,,,,,,,,,,,,,,,,,,,,,,,,,,,,,,,,,
Preference_substrate,2,1,Slate,5,15,D,3/03/2022 9:00,1,0,1,0,1,0,m,lb,nf,,,,,,,,,,,,,,,,,,,,,,,,,,,,,,,,,,,,,,,
Preference_substrate,2,1,Poly,6,15,D,3/03/2022 9:00,0,0,0,0,0,0,,,,,,,,,,,,,,,,,,,,,,,,,,,,,,,,,,,,,,,,,,
Preference_substrate,2,,Other,,15,D,3/03/2022 9:00,20,,20,0,0,20,"note-18inbubble LHD top new surface_nf, 1 water intake, 1 under stand nf",,,,,,,,,,,,,,,,,,,,,,,,,,,,,,,,,,,,,,,,,
Preference_substrate,2,2,Poly,1,15,D,3/03/2022 9:00,0,0,0,0,0,0,,,,,,,,,,,,,,,,,,,,,,,,,,,,,,,,,,,,,,,,,,
Preference_substrate,2,2,Slate,2,15,D,3/03/2022 9:00,0,0,0,0,0,0,,,,,,,,,,,,,,,,,,,,,,,,,,,,,,,,,,,,,,,,,,
Preference_substrate,2,2,Poly,3,15,D,3/03/2022 9:00,2,4,6,1,5,0,m,lb,nf,s,lt,nf,s,rt,f,s,rt,nf,s,rt,nf,m,rb,nf,,,,,,,,,,,,,,,,,,,,,,,,
Preference_substrate,2,2,Slate,4,15,D,3/03/2022 9:00,4,2,6,1,3,2,m,lt,nf,m,lt,f,s,lt,nf,m,lt,nf,,,,,,,,,,,,,,,,,,,,,,,,,,,,,,
Preference_substrate,2,2,Poly,5,15,D,3/03/2022 9:00,2,2,4,0,3,1,m,lb,nf,m,rt,nf,m,rt,nf,,,,,,,,,,,,,,,,,,,,,,,,,,,,,,,,,
Preference_substrate,2,2,Slate,6,15,D,3/03/2022 9:00,1,0,1,0,1,0,s,lb,nf,,,,,,,,,,,,,,,,,,,,,,,,,,,,,,,,,,,,,,,
Preference_substrate,2,,Other,,15,D,3/03/2022 9:00,3,,3,0,0,3,"note-1 on waterflow,1 top front near surface, 1 front of tank all NF",,,,,,,,,,,,,,,,,,,,,,,,,,,,,,,,,,,,,,,,,
Preference_substrate,2,3,Slate,1,15,D,3/03/2022 9:00,0,0,0,0,0,0,,,,,,,,,,,,,,,,,,,,,,,,,,,,,,,,,,,,,,,,,,
Preference_substrate,2,3,Poly,2,15,D,3/03/2022 9:00,0,2,2,0,2,0,m,rt,nf,m,rt,nf,,,,,,,,,,,,,,,,,,,,,,,,,,,,,,,,,,,,
Preference_substrate,2,3,Slate,3,15,D,3/03/2022 9:00,2,1,3,0,3,0,m,lt,nf,m,lt,nf,m,rt,nf,,,,,,,,,,,,,,,,,,,,,,,,,,,,,,,,,
Preference_substrate,2,3,Poly,4,15,D,3/03/2022 9:00,1,6,7,0,7,0,m,lt,nf,m,rt,nf,m,rb,nf,m,rb,nf,m,rb,nf,m,rb,nf,m,rb,nf,,,,,,,,,,,,,,,,,,,,,
Preference_substrate,2,3,Slate,5,15,D,3/03/2022 9:00,2,1,3,0,2,1,s,rb,nf,m,rb,nf,,,,,,,,,,,,,,,,,,,,,,,,,,,,,,,,,,,,
Preference_substrate,2,3,Poly,6,15,D,3/03/2022 9:00,0,0,0,0,0,0,,,,,,,,,,,,,,,,,,,,,,,,,,,,,,,,,,,,,,,,,,
Preference_substrate,2,,Other,,15,D,3/03/2022 9:00,3,,3,0,0,3,m,back-top-surface,,m,back-top-surface,,m,front-on-surface,,,,,,,,,,,,,,,,,,,,,,,,,,,,,,,,,,
Preference_substrate,2,4,Poly,1,15,D,3/03/2022 9:00,0,0,0,0,0,0,,,,,,,,,,,,,,,,,,,,,,,,,,,,,,,,,,,,,,,,,,
Preference_substrate,2,4,Slate,2,15,D,3/03/2022 9:00,0,2,2,0,2,0,m,rt,nf,m,rb,nf,,,,,,,,,,,,,,,,,,,,,,,,,,,,,,,,,,,,
Preference_substrate,2,4,Poly,3,15,D,3/03/2022 9:00,4,4,8,0,6,2,l,lb,nf,m,lt,nf,m,rt,nf,m,rt,nf,m,rt,nf,s,rt,nf,,,,,,,,,,,,,,,,,,,,,,,,
Preference_substrate,2,4,Slate,4,15,D,3/03/2022 9:00,0,0,0,0,0,0,,,,,,,,,,,,,,,,,,,,,,,,,,,,,,,,,,,,,,,,,,
Preference_substrate,2,4,Poly,5,15,D,3/03/2022 9:00,1,1,2,0,2,0,m,lb,nf,s,rt,nf,,,,,,,,,,,,,,,,,,,,,,,,,,,,,,,,,,,,
Preference_substrate,2,4,Slate,6,15,D,3/03/2022 9:00,0,0,0,0,0,0,,,,,,,,,,,,,,,,,,,,,,,,,,,,,,,note-all in bubble and aggregated,,,,,,,,,,,
Preference_substrate,2,4,Other,,15,D,3/03/2022 9:00,10,,10,0,10,0,s,backtop,nf,s,backtop,nf,m,backtop,nf,m,backtop,nf,m,backtop,nf,m,backtop,nf,m,backtop,nf,m,backtop,nf,m,backtop,nf,m,backtop,nf,,,,,,,,,,,,
Preference_substrate,2,1,Slate,1,16,N,3/03/2022 21:00,0,0,0,0,0,0,,,,,,,,,,,,,,,,,,,,,,,,,,,,,,,,,,,,,,,,,,
Preference_substrate,2,1,Poly,2,16,N,3/03/2022 21:00,0,0,0,0,0,0,,,,,,,,,,,,,,,,,,,,,,,,,,,,,,,,,,,,,,,,,,
Preference_substrate,2,1,Slate,3,16,N,3/03/2022 21:00,0,0,0,0,0,0,,,,,,,,,,,,,,,,,,,,,,,,,,,,,,,,,,,,,,,,,,
Preference_substrate,2,1,Poly,4,16,N,3/03/2022 21:00,0,0,0,0,0,0,,,,,,,,,,,,,,,,,,,,,,,,,,,,,,,,,,,,,,,,,,
Preference_substrate,2,1,Slate,5,16,N,3/03/2022 21:00,3,0,3,0,3,0,m,lt,nf,m,lt,nf,l,lt,nf,,,,,,,,,,,,,,,,,,,,,,,,,,,,,,,,,
Preference_substrate,2,1,Poly,6,16,N,3/03/2022 21:00,0,0,0,0,0,0,,,,,,,,,,,,,,,,,,,,,,,,,,,,,,,,,,,,,,,,,,
Preference_substrate,2,1,Other,,16,N,3/03/2022 21:00,18,,18,0,0,18,"note-17 bubble stream left wall top, 1 bubble stream mid wall (m)",,,,,,,,,,,,,,,,,,,,,,,,,,,,,,,,,,,,,,,,,
Preference_substrate,2,2,Poly,1,16,N,3/03/2022 21:00,1,0,1,0,1,0,m,lt,nf,,,,,,,,,,,,,,,,,,,,,,,,,,,,,,,,,,,,,,,
Preference_substrate,2,2,Slate,2,16,N,3/03/2022 21:00,0,1,1,1,0,0,m,rt,f,,,,,,,,,,,,,,,,,,,,,,,,,,,,,,,,,,,,,,,
Preference_substrate,2,2,Poly,3,16,N,3/03/2022 21:00,1,3,4,1,3,0,m,lt,nf,m,rt,nf,m,rt,nf,m,rt,f,,,,,,,,,,,,,,,,,,,,,,,,,,,,,,
Preference_substrate,2,2,Slate,4,16,N,3/03/2022 21:00,5,1,6,2,4,0,l,lt,f,l,lt,nf,m,lt,nf,m,lt,nf,l,lb,f,m,rt,nf,,,,,,,,,,,,,,,,,,,,,,,,
Preference_substrate,2,2,Poly,5,16,N,3/03/2022 21:00,2,2,4,2,2,0,m,lb,f,m,lb,f,m,rt,nf,m,rb,nf,,,,,,,,,,,,,,,,,,,,,,,,,,,,,,
Preference_substrate,2,2,Slate,6,16,N,3/03/2022 21:00,2,0,2,0,2,0,m,lt,nf,m,lt,nf,,,,,,,,,,,,,,,,,,,,,,,,,,,,,,,,,,,,
Preference_substrate,2,2,Other,,16,N,3/03/2022 21:00,0,,0,0,0,0,,,,,,,,,,,,,,,,,,,,,,,,,,,,,,,,,,,,,,,,,,
Preference_substrate,2,3,Slate,1,16,N,3/03/2022 21:00,0,0,0,0,0,0,,,,,,,,,,,,,,,,,,,,,,,,,,,,,,,,,,,,,,,,,,
Preference_substrate,2,3,Poly,2,16,N,3/03/2022 21:00,0,1,1,0,1,0,m,rt,nf,,,,,,,,,,,,,,,,,,,,,,,,,,,,,,,,,,,,,,,
Preference_substrate,2,3,Slate,3,16,N,3/03/2022 21:00,2,3,5,1,4,0,m,lt,nf,m,lt,nf,l,rt,f,l,rt,nf,m,rt,nf,,,,,,,,,,,,,,,,,,,,,,,,,,,
Preference_substrate,2,3,Poly,4,16,N,3/03/2022 21:00,2,4,6,1,5,0,m,lt,nf,m,lt,nf,m,rt,f,m,rt,nf,m,rb,nf,m,rb,nf,,,,,,,,,,,,,,,,,,,,,,,,
Preference_substrate,2,3,Slate,5,16,N,3/03/2022 21:00,5,0,5,1,5,-1,m,lt,nf,m,lt,nf,l,lb,nf,m,lb,nf,m,lb,nf,l,lb,f,,,,,,,,,,,,,,,,,,,,,,,,
Preference_substrate,2,3,Poly,6,16,N,3/03/2022 21:00,2,0,2,2,0,0,m,lt,f,m,lt,f,,,,,,,,,,,,,,,,,,,,,,,,,,,,,,,,,,,,
,2,3,Other,,16,N,3/03/2022 21:00,0,,0,0,0,0,note-2bubbl stream water/air interface far wall (m),,,,,,,,,,,,,,,,,,,,,,,,,,,,,,,,,,,,,,,,,
,2,4,Poly,1,16,N,3/03/2022 21:00,1,0,1,0,1,0,m,lb,nf,,,,,,,,,,,,,,,,,,,,,,,,,,,,,,,,,,,,,,,
,2,4,Slate,2,16,N,3/03/2022 21:00,2,0,2,1,1,0,m,lt,f,m,lb,nf,,,,,,,,,,,,,,,,,,,,,,,,,,,,,,,,,,,,
,2,4,Poly,3,16,N,3/03/2022 21:00,3,4,7,2,5,0,l,lb,nf,m,lt,nf,m,lt,nf,l,rt,f,l,rt,f,m,rt,nf,m,rt,nf,,,,,,,,,,,,,,,,,,,,,
,2,4,Slate,4,16,N,3/03/2022 21:00,0,0,0,0,0,0,,,,,,,,,,,,,,,,,,,,,,,,,,,,,,,,,,,,,,,,,,
,2,4,Poly,5,16,N,3/03/2022 21:00,1,1,2,1,1,0,m,lb,f,m,rb,nf,,,,,,,,,,,,,,,,,,,,,,,,,,,,,,,,,,,,
,2,4,Slate,6,16,N,3/03/2022 21:00,0,,0,0,0,0,,,,,,,,,,,,,,,,,,,,,,,,,,,,,,,,,,,,,,,,,,
,2,4,Other,,16,N,3/03/2022 21:00,10,,10,0,0,10,Note-10 bubbl stream far wall @ water/air interface (m),,,,,,,,,,,,,,,,,,,,,,,,,,,,,,,,,,,,,,,,,
Preference_substrate,2,1,Slate,1,17,D,4/03/2022 9:00,0,0,0,0,0,0,,,,,,,,,,,,,,,,,,,,,,,,,,,,,,,,,,,,,,,,,,
Preference_substrate,2,1,Poly,2,17,D,4/03/2022 9:00,0,0,0,0,0,0,,,,,,,,,,,,,,,,,,,,,,,,,,,,,,,,,,,,,,,,,,
Preference_substrate,2,1,Slate,3,17,D,4/03/2022 9:00,0,0,0,0,0,0,,,,,,,,,,,,,,,,,,,,,,,,,,,,,,,,,,,,,,,,,,
Preference_substrate,2,1,Poly,4,17,D,4/03/2022 9:00,0,0,0,0,0,0,,,,,,,,,,,,,,,,,,,,,,,,,,,,,,,,,,,,,,,,,,
Preference_substrate,2,1,Slate,5,17,D,4/03/2022 9:00,1,0,1,0,1,0,m,lt,nf,,,,,,,,,,,,,,,,,,,,,,,,,,,,,,,,,,,,,,,
Preference_substrate,2,1,Poly,6,17,D,4/03/2022 9:00,0,0,0,0,0,0,,,,,,,,,,,,,,,,,,,,,,,,,,,,,,,,,,,,,,,,,,
Preference_substrate,2,1,Other,,17,D,4/03/2022 9:00,20,,20,0,1,19,note-16 m_leftbackwall/bubble/interface_nf,,,l,backwall,nf,note-3back/right wall/ interface_nf,,,,,,,,,,,,,,,,,,,,,,,,,,,,,,,,,,,
Preference_substrate,2,2,Poly,1,17,D,4/03/2022 9:00,2,0,2,0,2,0,m,lt,nf,m,lt,nf,,,,,,,,,,,,,,,,,,,,,,,,,,,,,,,,,,,,
Preference_substrate,2,2,Slate,2,17,D,4/03/2022 9:00,1,0,1,1,0,0,m,lb,f,,,,,,,,,,,,,,,,,,,,,,,,,,,,,,,,,,,,,,,
Preference_substrate,2,2,Poly,3,17,D,4/03/2022 9:00,2,3,5,1,4,0,m,lb,f,m,lt,nf,m,lt,nf,m,lt,nf,m,lb,nf,,,,,,,,,,,,,,,,,,,,,,,,,,,
Preference_substrate,2,2,Slate,4,17,D,4/03/2022 9:00,5,2,7,0,7,0,l,lt,nf,l,lt,nf,m,lt,nf,l,lb,nf,m,lb,nf,l,rt,nf,m,rt,nf,,,,,,,,,,,,,,,,,,,,,
Preference_substrate,2,2,Poly,5,17,D,4/03/2022 9:00,1,2,3,1,2,0,m,lb,nf,l,rt,nf,m,rt,f,,,,,,,,,,,,,,,,,,,,,,,,,,,,,,,,,
Preference_substrate,2,2,Slate,6,17,D,4/03/2022 9:00,1,0,1,0,1,0,m,lb,nf,,,,,,,,,,,,,,,,,,,,,,,,,,,,,,,,,,,,,,,
Preference_substrate,2,2,Other,,17,D,4/03/2022 9:00,3,,3,0,3,0,m,pipe,nf,l,rwall,nf,m,bottom,nf,,,,,,,,,,,,,,,,,,,,,,,,,,,,,,,,,
Preference_substrate,2,3,Slate,1,17,D,4/03/2022 9:00,0,,0,0,0,0,,,,,,,,,,,,,,,,,,,,,,,,,,,,,,,,,,,,,,,,,,
Preference_substrate,2,3,Poly,2,17,D,4/03/2022 9:00,0,0,0,0,0,0,,,,,,,,,,,,,,,,,,,,,,,,,,,,,,,,,,,,,,,,,,
Preference_substrate,2,3,Slate,3,17,D,4/03/2022 9:00,2,0,2,0,3,-1,m,lt,nf,m,lt,nf,m,rt,nf,,,,,,,,,,,,,,,,,,,,,,,,,,,,,,,,,
Preference_substrate,2,3,Poly,4,17,D,4/03/2022 9:00,2,4,6,0,6,0,m,lt,nf,m,lt,nf,m,rt,nf,m,rt,nf,m,rt,nf,m,rb,nf,,,,,,,,,,,,,,,,,,,,,,,,
Preference_substrate,2,3,Slate,5,17,D,4/03/2022 9:00,4,1,5,0,5,0,m,rt,nf,l,rb,nf,m,rb,nf,m,rb,nf,m,rt,nf,,,,,,,,,,,,,,,,,,,,,,,,,,,
Preference_substrate,2,3,Poly,6,17,D,4/03/2022 9:00,1,0,1,1,0,0,m,lt,f,,,,,,,,,,,,,,,,,,,,,,,,,,,,,,,,,,,,,,,
Preference_substrate,2,3,Other,,17,D,4/03/2022 9:00,3,,3,0,3,0,l,wallfrontinterface,nf,m,bwallinderface,nf,l,rightwall,nf,,,,,,,,,,,,,,,,,,,,,,,,,,,,,,,,,
Preference_substrate,2,4,Poly,1,17,D,4/03/2022 9:00,0,1,1,0,1,0,m,rt,nf,,,,,,,,,,,,,,,,,,,,,,,,,,,,,,,,,,,,,,,
Preference_substrate,2,4,Slate,2,17,D,4/03/2022 9:00,1,2,3,1,2,0,m,lt,nf,m,rt,nf,m,rb,f,,,,,,,,,,,,,,,,,,,,,,,,,,,,,,,,,
Preference_substrate,2,4,Poly,3,17,D,4/03/2022 9:00,1,1,2,0,2,0,m,lt,nf,m,rt,nf,,,,,,,,,,,,,,,,,,,,,,,,,,,,,,,,,,,,
Preference_substrate,2,4,Slate,4,17,D,4/03/2022 9:00,0,3,3,0,3,0,m,rb,nf,m,rb,nf,m,rb,nf,,,,,,,,,,,,,,,,,,,,,,,,,,,,,,,,,
Preference_substrate,2,4,Poly,5,17,D,4/03/2022 9:00,1,1,2,0,2,0,m,lt,nf,m,rt,nf,,,,,,,,,,,,,,,,,,,,,,,,,,,,,,,,,,,,
Preference_substrate,2,4,Slate,6,17,D,4/03/2022 9:00,0,1,1,0,2,-1,l,rt,nf,,,,,,,,,,,,,,,,,,,,,,,,,,,,m,backwallbubble,nf,m,frontwall on alage,f,,,,,,
Preference_substrate,2,4,Other,,17,D,4/03/2022 9:00,11,,11,0,10,1,m,backwallbubble,nf,m,backwallbubble,nf,m,backwallbubble,nf,m,backwallbubble,nf,m,backwallbubble,nf,m,backwallbubble,nf,m,backwallbubble,nf,m,backwallbubble,nf,m,backwallbubble,nf,m,backwallbubble,nf,,,,,,,,,,,,
Preference_substrate,2,1,Slate,1,18,N,4/03/2022 21:00,1,0,1,1,0,0,m,lb,f,,,,,,,,,,,,,,,,,,,,,,,,,,,,,,,,,,,,,,,
Preference_substrate,2,1,Poly,2,18,N,4/03/2022 21:00,,,0,0,0,0,,,,,,,,,,,,,,,,,,,,,,,,,,,,,,,,,,,,,,,,,,
Preference_substrate,2,1,Slate,3,18,N,4/03/2022 21:00,,,0,0,0,0,,,,,,,,,,,,,,,,,,,,,,,,,,,,,,,,,,,,,,,,,,
Preference_substrate,2,1,Poly,4,18,N,4/03/2022 21:00,,,0,0,0,0,,,,,,,,,,,,,,,,,,,,,,,,,,,,,,,,,,,,,,,,,,
Preference_substrate,2,1,Slate,5,18,N,4/03/2022 21:00,1,0,1,0,1,0,m,lt,nf,,,,,,,,,,,,,,,,,,,,,,,,,,,,,,,,,,,,,,,
Preference_substrate,2,1,Poly,6,18,N,4/03/2022 21:00,,,0,0,0,0,,,,,,,,,,,,,,,,,,,,,,,,,,,,,,,,,,,,,,,,,,
Preference_substrate,2,1,Other,,18,N,4/03/2022 21:00,20,,20,0,0,20,note-14 m_glass|bubblestream|lbackcornertop_NF;2 m_glass|bubblestream|lbackcornertop_F;|1 m_leftglass|bottom|bubble_nf; 1 m_lglass|water/airinterface_f; 1 l_brglasscorner|waterairinterface_nf; 1 m_bglass|waterairinterface|f,,,,,,,,,,,,,,,,,,,,,,,,,,,,,,,,,,,,,,,,,
Preference_substrate,2,2,Poly,1,18,N,4/03/2022 21:00,,4,4,3,1,0,m,rt,f,l,rb,f,l,rb,f,m,rb,nf,,,,,,,,,,,,,,,,,,,,,,,,,,,,,,
Preference_substrate,2,2,Slate,2,18,N,4/03/2022 21:00,,,0,0,0,0,,,,,,,,,,,,,,,,,,,,,,,,,,,,,,,,,,,,,,,,,,
Preference_substrate,2,2,Poly,3,18,N,4/03/2022 21:00,1,5,6,1,5,0,m,lt,nf,m,rt,nf,m,rt,nf,l,rt,nf,m,rb,nf,m,rb,f,,,,,,,,,,,,,,,,,,,,,,,,
Preference_substrate,2,2,Slate,4,18,N,4/03/2022 21:00,3,,3,0,3,0,m,lt,nf,m,lt,nf,m,lt,nf,,,,,,,,,,,,,,,,,,,,,,,,,,,,,,,,,
Preference_substrate,2,2,Poly,5,18,N,4/03/2022 21:00,1,2,3,2,0,1,l,lb,nf(B),l,rt,f,l,rt,f,,,,,,,,,,,,,,,,,,,,,,,,,,,,,,,,,
Preference_substrate,2,2,Slate,6,18,N,4/03/2022 21:00,3,,3,0,3,0,m,lt,nf,m,lb,nf,l,lb,nf,,,,,,,,,,,,,,,,,,,,,,,,,,,,,,,,,
Preference_substrate,2,2,Other,,18,N,4/03/2022 21:00,3,,3,1,2,0,l,bottomglass|infronthide,f,m,bglass|bubble|waterinterface,nf,m,bglass|bubble|waterinterface,nf,,,,,,,,,,,,,,,,,,,,,,,,,,,,,,,,,
Preference_substrate,2,3,Slate,1,18,N,4/03/2022 21:00,,,0,1,2,-3,m,lt,nf,l,rt,f,m,rt,nf,,,,,,,,,,,,,,,,,,,,,,,,,,,,,,,,,
Preference_substrate,2,3,Poly,2,18,N,4/03/2022 21:00,,,0,0,0,0,,,,,,,,,,,,,,,,,,,,,,,,,,,,,,,,,,,,,,,,,,
Preference_substrate,2,3,Slate,3,18,N,4/03/2022 21:00,,,0,2,1,-3,m,lt,nf(B),m,rt,nf,m,rt,f,m,rt,f,,,,,,,,,,,,,,,,,,,,,,,,,,,,,,
Preference_substrate,2,3,Poly,4,18,N,4/03/2022 21:00,,,0,1,0,-1,m,lt,nf(B),m,lt,nf(B),l,rt,f,,,,,,,,,,,,,,,,,,,,,,,,,,,,,,,,,
Preference_substrate,2,3,Slate,5,18,N,4/03/2022 21:00,,,0,3,2,-5,m,lt,nf(B),l,lt,f,l,rt,nf,l,rt,nf,l,rb,f,m,rb,f,,,,,,,,,,,,,,,,,,,,,,,,
Preference_substrate,2,3,Poly,6,18,N,4/03/2022 21:00,,,0,0,0,0,,,,,,,,,,,,,,,,,,,,,,,,,,,,,,,,,,,,,,,,,,
Preference_substrate,2,3,Other,,18,N,4/03/2022 21:00,,,0,3,1,-4,m,FRCorner|interface,f,m,FRCorner|interface,f,m,frglass|outofwater,nf,m,brcorner|interface,f,,,,,,,,,,,,,,,,,,,,,,,,,,,,,,
Preference_substrate,2,4,Poly,1,18,N,4/03/2022 21:00,,,0,0,0,0,,,,,,,,,,,,,,,,,,,,,,,,,,,,,,,,,,,,,,,,,,
Preference_substrate,2,4,Slate,2,18,N,4/03/2022 21:00,,4,4,3,1,0,m,rt,f,m,rt,nf,m,rb,f,m,rb,f,,,,,,,,,,,,,,,,,,,,,,,,,,,,,,
Preference_substrate,2,4,Poly,3,18,N,4/03/2022 21:00,,1,1,0,1,0,m,rt,nf,,,,,,,,,,,,,,,,,,,,,,,,,,,,,,,,,,,,,,,
Preference_substrate,2,4,Slate,4,18,N,4/03/2022 21:00,1,,1,0,1,0,l,lt,nf,,,,,,,,,,,,,,,,,,,,,,,,,,,,,,,,,,,,,,,
Preference_substrate,2,4,Poly,5,18,N,4/03/2022 21:00,2,1,3,2,1,0,m,lt,f,m,lt,nf,m,rt,f,,,,,,,,,,,,,,,,,,,,,,,,,,,,,,,,,
Preference_substrate,2,4,Slate,6,18,N,4/03/2022 21:00,1,,1,1,0,0,m,lt,f,,,,,,,,,,,,,,,,,,,,,,,,,,,,,,,,,,,,,,,
Preference_substrate,2,4,Other,,18,N,4/03/2022 21:00,11,,11,1,0,10,l,rglasstop,f,Note-aggreation at backglasstop/waterinterface - 4 m_nf; 3m_f ; 1l_f 2m_nf (outofwater),,,,,,,,,,,,,,,,,,,,,,,,,,,,,,,,,,,,,,
Preference_substrate,2,1,Slate,1,19,D,5/03/2022 9:00,0,1,1,0,1,0,m,rt,nf,,,,,,,,,,,,,,,,,,,,,,,,,,,,,,,,,,,,,,,
Preference_substrate,2,1,Poly,2,19,D,5/03/2022 9:00,0,0,0,0,0,0,,,,,,,,,,,,,,,,,,,,,,,,,,,,,,,,,,,,,,,,,,
Preference_substrate,2,1,Slate,3,19,D,5/03/2022 9:00,0,0,0,0,0,0,,,,,,,,,,,,,,,,,,,,,,,,,,,,,,,,,,,,,,,,,,
Preference_substrate,2,1,Poly,4,19,D,5/03/2022 9:00,2,0,2,1,1,0,m,lb,f,m,lt,nf,,,,,,,,,,,,,,,,,,,,,,,,,,,,,,,,,,,,
Preference_substrate,2,1,Slate,5,19,D,5/03/2022 9:00,1,0,1,0,1,0,m,lt,nf,,,,,,,,,,,,,,,,,,,,,,,,,,,,,,,,,,,,,,,
Preference_substrate,2,1,Poly,6,19,D,5/03/2022 9:00,0,0,0,0,0,0,,,,,,,,,,,,,,,,,,,,,,,,,,,,,,,,,,,,,,,,,,
Preference_substrate,2,1,Other,,19,D,5/03/2022 9:00,20,,20,0,0,20,note-15 m_bubbleslwall_nf; 2 l_bubblelw_nf; l_backwall_nf; 2 m_frontrcorner_nf,,,,,,,,,,,,,,,,,,,,,,,,,,,,,,,,,,,,,,,,,
Preference_substrate,2,2,Poly,1,19,D,5/03/2022 9:00,1,0,1,1,1,-1,m,rt,nf,m,rt,f,note(on filamentous algae-assumed to be feeding),,,,,,,,,,,,,,,,,,,,,,,,,,,,,,,,,,,
Preference_substrate,2,2,Slate,2,19,D,5/03/2022 9:00,3,1,4,1,3,0,m,lt,nf,m,lt,nf,m,lb,f,m,rt,nf,,,,,,,,,,,,,,,,,,,,,,,,,,,,,,
Preference_substrate,2,2,Poly,3,19,D,5/03/2022 9:00,2,0,2,0,2,0,m,lt,nf,m,lt,nf,,,,,,,,,,,,,,,,,,,,,,,,,,,,,,,,,,,,
Preference_substrate,2,2,Slate,4,19,D,5/03/2022 9:00,0,2,2,1,1,0,m,rt,nf,l,rb,f,,,,,,,,,,,,,,,,,,,,,,,,,,,,,,,,,,,,
Preference_substrate,2,2,Poly,5,19,D,5/03/2022 9:00,3,1,4,1,3,0,m,lt,nf,m,lt,nf,m,lt,f,m,rt,nf,,,,,,,,,,,,,,,,,,,,,,,,,,,,,,
Preference_substrate,2,2,Slate,6,19,D,5/03/2022 9:00,1,0,1,0,1,0,m,lt,nf,,,,,,,,,,,,,,,,,,,,,,,,,,,,,,,,,,,,,,,
Preference_substrate,2,2,Other,,19,D,5/03/2022 9:00,7,,7,0,7,0,l,bubble|backwall,nf,l,bubble|backwall,nf,,bubs|back,nf,,bubs|back,nf,m,hose,nf,m,rwall,nf,l,hide,nf,,,,,,,,,,,,,,,,,,,,,
Preference_substrate,2,3,Slate,1,19,D,5/03/2022 9:00,1,0,1,0,1,0,m,rt,nf,,,,,,,,,,,,,,,,,,,,,,,,,,,,,,,,,,,,,,,
Preference_substrate,2,3,Poly,2,19,D,5/03/2022 9:00,1,0,1,0,1,0,m,lt,nf,,,,,,,,,,,,,,,,,,,,,,,,,,,,,,,,,,,,,,,
Preference_substrate,2,3,Slate,3,19,D,5/03/2022 9:00,2,0,2,1,1,0,m,lt,nf,m,lb,f,note-(onascidian),,,,,,,,,,,,,,,,,,,,,,,,,,,,,,,,,,,
Preference_substrate,2,3,Poly,4,19,D,5/03/2022 9:00,2,3,5,0,4,1,m,lt,nf,l,rt,nf,m,rt,nf,m,rt,nf,,,,,,,,,,,,,,,,,,,,,,,,,,,,,,
Preference_substrate,2,3,Slate,5,19,D,5/03/2022 9:00,2,0,2,1,1,0,l,lt,f,l,lt,nf,note-(star 1 fillamentous pickedit up stomach extruded),,,,,,,,,,,,,,,,,,,,,,,,,,,,,,,,,,,
Preference_substrate,2,3,Poly,6,19,D,5/03/2022 9:00,0,0,0,0,0,0,,,,,,,,,,,,,,,,,,,,,,,,,,,,,,,,,,,,,,,,,,
Preference_substrate,2,3,Other,,19,D,5/03/2022 9:00,9,,9,0,9,0,m,bubs|back,nf,m,bubs|back,nf,m,bubs|back,nf,m,bubs|back,nf,m,rwall,nf,m,rwall,nf,m,rwall,nf,m,hose,nf,m,underhide,nf,,,,,,,,,,,,,,,
Preference_substrate,2,4,Poly,1,19,D,5/03/2022 9:00,0,2,2,1,1,0,l,rt,f,m,rt,nf,,,,,,,,,,,,,,,,,,,,,,,,,,,,,,,,,,,,
Preference_substrate,2,4,Slate,2,19,D,5/03/2022 9:00,2,1,3,2,1,0,m,lt,f,m,lb,f,m,rt,nf,,,,,,,,,,,,,,,,,,,,,,,,,,,,,,,,,
Preference_substrate,2,4,Poly,3,19,D,5/03/2022 9:00,0,0,0,0,0,0,,,,,,,,,,,,,,,,,,,,,,,,,,,,,,,,,,,,,,,,,,
Preference_substrate,2,4,Slate,4,19,D,5/03/2022 9:00,0,0,0,0,0,0,,,,,,,,,,,,,,,,,,,,,,,,,,,,,,,,,,,,,,,,,,
Preference_substrate,2,4,Poly,5,19,D,5/03/2022 9:00,1,0,1,2,0,-1,l,lt,f,m,rb,f,,,,,,,,,,,,,,,,,,,,,,,,,,,,,,,,,,,,
Preference_substrate,2,4,Slate,6,19,D,5/03/2022 9:00,1,0,1,1,0,0,m,lt,f,,,,,,,,,,,,,,,,,,,,,,,,,,,,,,,,,,,,,,,
Preference_substrate,2,4,Other,,19,D,5/03/2022 9:00,16,0,16,1,4,11,l,rwall,nf,l,bubs|backwall,nf,l,bubs|backwall,nf,m,lwall,nf,m,frontwall,f,note-11 m_bubs|backwall_nf,,,,,,,,,,,,,,,,,,,,,,,,,,
Preference_substrate,2,1,Slate,1,20,N,5/03/2022 21:00,0,1,1,0,0,1,m,rt,f(b),,,,,,,,,,,,,,,,,,,,,,,,,,,,,,,,,,,,,,,
Preference_substrate,2,1,Poly,2,20,N,5/03/2022 21:00,0,0,0,0,0,0,,,,,,,,,,,,,,,,,,,,,,,,,,,,,,,,,,,,,,,,,,
Preference_substrate,2,1,Slate,3,20,N,5/03/2022 21:00,2,0,2,0,2,0,m,lt,nf,m,lt,nf,,,,,,,,,,,,,,,,,,,,,,,,,,,,,,,,,,,,
Preference_substrate,2,1,Poly,4,20,N,5/03/2022 21:00,2,0,2,2,0,0,l,lt,f,m,lb,f,,,,,,,,,,,,,,,,,,,,,,,,,,,,,,,,,,,,
Preference_substrate,2,1,Slate,5,20,N,5/03/2022 21:00,0,0,0,0,0,0,,,,,,,,,,,,,,,,,,,,,,,,,,,,,,,,,,,,,,,,,,
Preference_substrate,2,1,Poly,6,20,N,5/03/2022 21:00,0,0,0,0,0,0,,,,,,,,,,,,,,,,,,,,,,,,,,,,,,,,,,,,,,,,,,
Preference_substrate,2,1,Other,,20,N,5/03/2022 21:00,17,0,17,2,4,11,l,glass|rforwardtop,nf,m,glass|fronttop|interface,nf,m,bub|backLeftglassmid,f,m,bub|backLeftglassmid,f,m,bub|backLeftglassmid,nf,m,airstone,nf,note- 8 m_waterinterface|bub|glassbackleft_nf; 3 m_waterinterface|bub|glassbackleft_f,,,,,,,,,,,,,,,,,,,,,,,
Preference_substrate,2,2,Poly,1,20,N,5/03/2022 21:00,1,1,2,1,1,0,m,lb,nf,l,rt,f,,,,,,,,,,,,,,,,,,,,,,,,,,,,,,,,,,,,
Preference_substrate,2,2,Slate,2,20,N,5/03/2022 21:00,1,2,3,1,2,0,m,lt,f,m,rt,nf,m,rt,nf,,,,,,,,,,,,,,,,,,,,,,,,,,,,,,,,,
Preference_substrate,2,2,Poly,3,20,N,5/03/2022 21:00,0,2,2,1,2,-1,m,rb,nf,m,rb,nf,m,rb,f,,,,,,,,,,,,,,,,,,,,,,,,,,,,,,,,,
Preference_substrate,2,2,Slate,4,20,N,5/03/2022 21:00,5,3,8,0,2,6,m,lt,nf(B),m,lt,nf(B),m,lt,nf(B),l,lt,f(b),m,lb,nf,l,rt,nf(B),m,rt,nf(b),m,rt,nf,,,,,,,,,,,,,,,,,,
Preference_substrate,2,2,Poly,5,20,N,5/03/2022 21:00,0,0,0,0,0,0,,,,,,,,,,,,,,,,,,,,,,,,,,,,,,,,,,,,,,,,,,
Preference_substrate,2,2,Slate,6,20,N,5/03/2022 21:00,0,0,0,0,0,0,,,,,,,,,,,,,,,,,,,,,,,,,,,,,,,,,,,,,,,,,,
Preference_substrate,2,2,Other,,20,N,5/03/2022 21:00,7,0,7,4,2,1,m,rglasstop,f,m,rglasstop,f,m,plasticairhose,nf,m,glassbottom|fronthid,f,m,glassbottom,nf(upsidedown; note-dead after examination),l,bglass|bubs,f,l,bglass|bubs,nf,,,,,,,,,,,,,,,,,,,,,
Preference_substrate,2,3,Slate,1,20,N,5/03/2022 21:00,0,1,1,0,1,0,l,rb,nf,,,,,,,,,,,,,,,,,,,,,,,,,,,,,,,,,,,,,,,
Preference_substrate,2,3,Poly,2,20,N,5/03/2022 21:00,0,4,4,2,2,0,m,rt,nf,l,rt,f,m,rb,nf,m,rb,f,,,,,,,,,,,,,,,,,,,,,,,,,,,,,,
Preference_substrate,2,3,Slate,3,20,N,5/03/2022 21:00,3,0,3,1,2,0,m,lb,nf,m,lt,f,m,lt,nf,,,,,,,,,,,,,,,,,,,,,,,,,,,,,,,,,
Preference_substrate,2,3,Poly,4,20,N,5/03/2022 21:00,2,4,6,1,0,5,m,lb,f,m,lt,nf(b),l,rt,nf(b),m,rb,nf(b),l,rb,nf(b),m,rb,nf(b),,,,,,,,,,,,,,,,,,,,,,,,
Preference_substrate,2,3,Slate,5,20,N,5/03/2022 21:00,0,0,0,0,0,0,,,,,,,,,,,,,,,,,,,,,,,,,,,,,,,,,,,,,,,,,,
Preference_substrate,2,3,Poly,6,20,N,5/03/2022 21:00,1,1,2,2,0,0,l,lt,f,l,rb,f,,,,,,,,,,,,,,,,,,,,,,,,,,,,,,,,,,,,
Preference_substrate,2,3,Other,,20,N,5/03/2022 21:00,5,0,5,0,5,0,m,glassrtf|inter,nf,m,glassRTB|inter,nf,m,glassRTB|inter,nf,m,glassRTB|inter,nf,m,glass|BackTopMid|inter(B),NF,,,,,,,,,,,,,,,,,,,,,,,,,,,
Preference_substrate,2,4,Poly,1,20,N,5/03/2022 21:00,0,0,0,0,0,0,,,,,,,,,,,,,,,,,,,,,,,,,,,,,,,,,,,,,,,,,,
Preference_substrate,2,4,Slate,2,20,N,5/03/2022 21:00,0,0,0,0,0,0,,,,,,,,,,,,,,,,,,,,,,,,,,,,,,,,,,,,,,,,,,
Preference_substrate,2,4,Poly,3,20,N,5/03/2022 21:00,1,2,3,0,0,3,l,lb,f(b),m,rt,nf(b),l,rt,f(b),,,,,,,,,,,,,,,,,,,,,,,,,,,,,,,,,
Preference_substrate,2,4,Slate,4,20,N,5/03/2022 21:00,0,0,0,0,0,0,,,,,,,,,,,,,,,,,,,,,,,,,,,,,,,,,,,,,,,,,,
Preference_substrate,2,4,Poly,5,20,N,5/03/2022 21:00,0,0,0,0,0,0,,,,,,,,,,,,,,,,,,,,,,,,,,,,,,,,,,,,,,,,,,
Preference_substrate,2,4,Slate,6,20,N,5/03/2022 21:00,1,0,1,1,0,0,l,lt,f,,,,,,,,,,,,,,,,,,,,,,,,,,,,,,,,,,,,,,,
Preference_substrate,2,4,Other,,20,N,5/03/2022 21:00,20,0,20,3,2,15,m,glass|bottomLFCorner,nf,m,glass|ftop,f,m,Glass|ltM|Inter,nf,M,glass|TRB|inter,f,l,Glass|BackMidWater(B),f,"note-15 BackGlass_Bubble_Cluster; 12M(2F,10NF) | 3L (1F,2NF)",,,,,,,,,,,,,,,,,,,,,,,,,,
